time,file_id,cylinder,group_truth
0,9,525,3
0,39,621,3
0,3,553,3
1,21,615,3
1,3,553,3
1,15,637,3
2,18,65,0
2,36,12,0
2,30,128,0
3,0,13,0
3,6,116,0
3,18,65,0
4,12,98,0
4,36,12,0
4,6,116,0
5,31,276,1
6,14,408,2
7,33,558,3
7,27,594,3
8,24,64,0
9,0,13,0
9,24,64,0
9,36,12,0
10,26,457,2
10,8,449,2
11,1,270,1
11,19,244,1
12,36,12,0
12,24,64,0
13,31,276,1
14,20,351,2
14,2,439,2
15,12,98,0
15,0,13,0
16,12,98,0
17,10,730,4
18,6,116,0
18,12,98,0
18,30,128,0
19,25,312,1
19,37,280,1
20,12,98,0
20,24,64,0
21,0,13,0
22,14,408,2
22,26,457,2
22,8,449,2
23,18,65,0
23,24,64,0
24,12,98,0
25,38,407,2
25,14,408,2
26,30,128,0
26,12,98,0
27,8,449,2
27,32,399,2
28,33,558,3
29,7,196,1
29,37,280,1
29,1,270,1
30,7,196,1
30,25,312,1
30,13,180,1
31,30,128,0
31,0,13,0
32,14,408,2
32,38,407,2
33,25,312,1
34,24,64,0
34,0,13,0
34,12,98,0
35,24,64,0
35,0,13,0
36,1,270,1
36,7,196,1
36,37,280,1
37,12,98,0
37,18,65,0
38,17,958,5
38,35,924,5
39,18,65,0
40,31,276,1
40,7,196,1
41,7,196,1
41,13,180,1
41,31,276,1
42,1,270,1
43,39,621,3
44,18,65,0
45,0,13,0
45,24,64,0
46,32,399,2
46,38,407,2
46,20,351,2
47,34,747,4
47,10,730,4
47,4,745,4
48,30,128,0
49,39,621,3
49,9,525,3
49,33,558,3
50,31,276,1
50,37,280,1
50,7,196,1
51,18,65,0
52,35,924,5
53,39,621,3
53,9,525,3
53,27,594,3
54,30,128,0
55,38,407,2
55,14,408,2
56,8,449,2
56,2,439,2
57,0,13,0
58,3,553,3
58,9,525,3
58,27,594,3
59,10,730,4
60,18,65,0
60,36,12,0
60,6,116,0
61,6,116,0
61,36,12,0
61,0,13,0
62,2,439,2
62,8,449,2
62,20,351,2
63,7,196,1
63,37,280,1
64,32,399,2
65,0,13,0
65,18,65,0
66,6,116,0
66,18,65,0
66,0,13,0
67,11,839,5
67,35,924,5
68,18,65,0
68,6,116,0
69,12,98,0
69,24,64,0
69,0,13,0
70,37,280,1
71,15,637,3
71,27,594,3
72,0,13,0
72,12,98,0
73,9,525,3
73,15,637,3
74,31,276,1
74,37,280,1
74,25,312,1
75,12,98,0
75,0,13,0
75,24,64,0
76,37,280,1
76,7,196,1
77,32,399,2
77,26,457,2
77,2,439,2
78,1,270,1
78,7,196,1
79,36,12,0
79,0,13,0
79,30,128,0
80,18,65,0
80,0,13,0
81,6,116,0
81,0,13,0
81,36,12,0
82,31,276,1
82,25,312,1
83,12,98,0
83,24,64,0
83,36,12,0
84,36,12,0
84,6,116,0
85,36,12,0
85,18,65,0
86,12,98,0
87,31,276,1
87,37,280,1
87,1,270,1
88,4,745,4
88,28,677,4
88,34,747,4
89,29,871,5
90,21,615,3
90,27,594,3
91,12,98,0
91,6,116,0
91,18,65,0
92,25,312,1
92,37,280,1
92,7,196,1
93,6,116,0
93,12,98,0
94,18,65,0
94,12,98,0
95,12,98,0
95,6,116,0
96,30,128,0
96,24,64,0
96,36,12,0
97,18,65,0
97,36,12,0
98,32,399,2
99,13,180,1
99,1,270,1
99,19,244,1
100,24,64,0
100,18,65,0
101,18,65,0
101,0,13,0
101,30,128,0
102,36,12,0
102,30,128,0
103,29,871,5
104,25,312,1
104,37,280,1
105,11,839,5
106,1,270,1
107,8,449,2
108,25,312,1
109,13,180,1
109,25,312,1
109,31,276,1
110,25,312,1
111,22,698,4
111,4,745,4
111,34,747,4
112,38,407,2
112,32,399,2
112,14,408,2
113,36,12,0
113,24,64,0
113,30,128,0
114,12,98,0
114,6,116,0
115,36,12,0
116,31,276,1
116,1,270,1
116,7,196,1
117,35,924,5
117,23,954,5
118,30,128,0
118,0,13,0
119,5,963,5
119,11,839,5
120,2,439,2
121,25,312,1
122,18,65,0
123,39,621,3
123,9,525,3
124,13,180,1
125,22,698,4
125,4,745,4
125,16,731,4
126,22,698,4
126,34,747,4
126,10,730,4
127,23,954,5
128,2,439,2
128,26,457,2
129,6,116,0
130,6,116,0
130,24,64,0
130,18,65,0
131,32,399,2
131,38,407,2
131,2,439,2
132,7,196,1
132,31,276,1
132,25,312,1
133,36,12,0
133,30,128,0
133,24,64,0
134,2,439,2
134,26,457,2
134,14,408,2
135,12,98,0
135,30,128,0
135,18,65,0
136,4,745,4
136,28,677,4
137,6,116,0
138,32,399,2
138,38,407,2
139,24,64,0
140,36,12,0
141,14,408,2
141,8,449,2
142,24,64,0
142,30,128,0
143,27,594,3
144,1,270,1
144,7,196,1
145,18,65,0
145,36,12,0
146,8,449,2
146,32,399,2
147,31,276,1
147,19,244,1
147,13,180,1
148,12,98,0
148,6,116,0
148,0,13,0
149,37,280,1
149,19,244,1
150,25,312,1
150,7,196,1
150,31,276,1
151,12,98,0
152,7,196,1
153,19,244,1
153,25,312,1
154,26,457,2
154,20,351,2
155,9,525,3
155,21,615,3
156,14,408,2
156,38,407,2
157,32,399,2
157,2,439,2
158,7,196,1
158,31,276,1
158,13,180,1
159,3,553,3
159,15,637,3
160,30,128,0
160,0,13,0
160,24,64,0
161,30,128,0
161,6,116,0
162,2,439,2
162,14,408,2
162,32,399,2
163,6,116,0
163,0,13,0
163,24,64,0
164,30,128,0
164,0,13,0
165,9,525,3
165,33,558,3
166,26,457,2
166,8,449,2
166,32,399,2
167,30,128,0
167,12,98,0
167,6,116,0
168,21,615,3
168,33,558,3
168,27,594,3
169,23,954,5
169,5,963,5
170,0,13,0
171,21,615,3
172,37,280,1
172,7,196,1
172,1,270,1
173,36,12,0
173,6,116,0
174,25,312,1
174,19,244,1
174,13,180,1
175,24,64,0
175,36,12,0
175,30,128,0
176,32,399,2
176,20,351,2
176,2,439,2
177,31,276,1
177,37,280,1
177,7,196,1
178,27,594,3
178,21,615,3
178,15,637,3
179,31,276,1
180,12,98,0
180,30,128,0
181,12,98,0
182,16,731,4
182,22,698,4
183,6,116,0
184,24,64,0
184,30,128,0
185,24,64,0
186,6,116,0
186,36,12,0
187,32,399,2
187,26,457,2
187,38,407,2
188,33,558,3
188,21,615,3
189,23,954,5
189,17,958,5
190,30,128,0
190,24,64,0
191,37,280,1
191,13,180,1
191,19,244,1
192,36,12,0
192,18,65,0
192,30,128,0
193,0,13,0
194,33,558,3
194,15,637,3
194,39,621,3
195,17,958,5
196,3,553,3
196,9,525,3
197,39,621,3
198,3,553,3
199,0,13,0
199,12,98,0
199,36,12,0
200,26,457,2
200,2,439,2
201,14,408,2
201,26,457,2
202,24,64,0
203,4,745,4
203,34,747,4
204,32,399,2
204,2,439,2
205,10,730,4
205,22,698,4
206,10,730,4
206,28,677,4
207,30,128,0
207,36,12,0
207,12,98,0
208,22,698,4
208,4,745,4
208,34,747,4
209,26,457,2
209,20,351,2
210,0,13,0
210,18,65,0
210,12,98,0
211,23,954,5
211,35,924,5
211,17,958,5
212,16,731,4
213,12,98,0
214,18,65,0
214,6,116,0
215,13,180,1
215,19,244,1
215,31,276,1
216,17,958,5
216,23,954,5
216,35,924,5
217,22,698,4
217,10,730,4
218,22,698,4
219,26,457,2
220,14,408,2
221,12,98,0
222,0,13,0
222,30,128,0
223,31,276,1
224,39,621,3
224,15,637,3
225,23,954,5
225,11,839,5
226,28,677,4
227,18,65,0
228,18,65,0
228,12,98,0
229,13,180,1
229,1,270,1
229,37,280,1
230,0,13,0
231,36,12,0
231,0,13,0
232,1,270,1
232,7,196,1
232,37,280,1
233,24,64,0
233,0,13,0
233,30,128,0
234,6,116,0
234,12,98,0
235,0,13,0
236,4,745,4
237,19,244,1
238,12,98,0
238,18,65,0
239,39,621,3
239,9,525,3
240,24,64,0
240,12,98,0
240,30,128,0
241,36,12,0
242,12,98,0
242,36,12,0
243,12,98,0
243,0,13,0
244,4,745,4
245,0,13,0
245,30,128,0
245,36,12,0
246,18,65,0
247,1,270,1
247,13,180,1
247,25,312,1
248,2,439,2
248,38,407,2
249,10,730,4
250,16,731,4
250,34,747,4
251,17,958,5
252,15,637,3
253,27,594,3
254,24,64,0
254,12,98,0
255,12,98,0
255,0,13,0
255,24,64,0
256,24,64,0
256,30,128,0
257,38,407,2
257,2,439,2
257,8,449,2
258,24,64,0
258,36,12,0
258,0,13,0
259,37,280,1
260,0,13,0
260,36,12,0
260,18,65,0
261,30,128,0
261,0,13,0
262,25,312,1
263,12,98,0
263,24,64,0
263,0,13,0
264,2,439,2
264,8,449,2
264,26,457,2
265,24,64,0
265,6,116,0
265,30,128,0
266,13,180,1
266,31,276,1
267,14,408,2
267,8,449,2
267,32,399,2
268,1,270,1
268,31,276,1
268,13,180,1
269,37,280,1
269,13,180,1
270,10,730,4
270,4,745,4
271,6,116,0
271,30,128,0
272,30,128,0
272,36,12,0
272,24,64,0
273,37,280,1
273,19,244,1
273,31,276,1
274,31,276,1
275,26,457,2
275,38,407,2
276,24,64,0
276,30,128,0
276,36,12,0
277,6,116,0
278,2,439,2
278,8,449,2
279,36,12,0
279,18,65,0
279,30,128,0
280,18,65,0
280,36,12,0
281,25,312,1
282,5,963,5
282,17,958,5
283,30,128,0
283,12,98,0
284,24,64,0
285,36,12,0
286,0,13,0
287,15,637,3
287,33,558,3
288,12,98,0
288,18,65,0
288,0,13,0
289,0,13,0
290,37,280,1
291,32,399,2
291,2,439,2
291,14,408,2
292,30,128,0
293,22,698,4
293,34,747,4
293,4,745,4
294,17,958,5
294,5,963,5
295,18,65,0
296,24,64,0
296,36,12,0
296,30,128,0
297,6,116,0
298,30,128,0
299,31,276,1
299,25,312,1
300,30,128,0
300,0,13,0
300,12,98,0
301,12,98,0
301,30,128,0
302,34,747,4
302,10,730,4
302,4,745,4
303,0,13,0
303,12,98,0
304,18,65,0
304,30,128,0
304,0,13,0
305,30,128,0
305,18,65,0
306,6,116,0
307,35,924,5
308,21,615,3
309,19,244,1
309,13,180,1
310,13,180,1
310,1,270,1
311,17,958,5
312,5,963,5
313,1,270,1
313,7,196,1
313,37,280,1
314,36,12,0
315,0,13,0
315,18,65,0
315,36,12,0
316,7,196,1
316,31,276,1
317,15,637,3
317,21,615,3
317,39,621,3
318,16,731,4
318,10,730,4
318,4,745,4
319,21,615,3
319,3,553,3
320,39,621,3
320,9,525,3
320,33,558,3
321,20,351,2
321,38,407,2
321,2,439,2
322,30,128,0
322,12,98,0
323,36,12,0
323,12,98,0
323,18,65,0
324,30,128,0
324,24,64,0
325,2,439,2
325,20,351,2
326,23,954,5
326,11,839,5
327,20,351,2
327,26,457,2
327,2,439,2
328,16,731,4
328,34,747,4
328,10,730,4
329,14,408,2
330,29,871,5
330,11,839,5
330,23,954,5
331,31,276,1
332,13,180,1
332,7,196,1
332,25,312,1
333,30,128,0
333,18,65,0
333,12,98,0
334,24,64,0
335,8,449,2
335,20,351,2
335,2,439,2
336,30,128,0
337,28,677,4
337,34,747,4
337,4,745,4
338,36,12,0
338,6,116,0
338,0,13,0
339,4,745,4
339,22,698,4
339,28,677,4
340,29,871,5
340,23,954,5
341,14,408,2
342,11,839,5
342,17,958,5
343,12,98,0
343,24,64,0
344,13,180,1
344,7,196,1
345,10,730,4
346,31,276,1
346,13,180,1
346,25,312,1
347,30,128,0
347,36,12,0
348,27,594,3
348,3,553,3
348,33,558,3
349,21,615,3
350,25,312,1
350,7,196,1
350,19,244,1
351,12,98,0
351,18,65,0
352,24,64,0
352,12,98,0
353,36,12,0
353,0,13,0
354,33,558,3
355,30,128,0
355,0,13,0
355,18,65,0
356,11,839,5
357,12,98,0
358,38,407,2
358,26,457,2
358,8,449,2
359,6,116,0
359,24,64,0
360,22,698,4
361,18,65,0
361,6,116,0
361,24,64,0
362,19,244,1
363,38,407,2
363,2,439,2
363,20,351,2
364,1,270,1
365,38,407,2
366,18,65,0
367,1,270,1
368,8,449,2
368,32,399,2
368,38,407,2
369,39,621,3
369,33,558,3
369,15,637,3
370,21,615,3
371,4,745,4
372,34,747,4
372,10,730,4
372,4,745,4
373,6,116,0
373,0,13,0
374,19,244,1
374,37,280,1
374,1,270,1
375,3,553,3
375,9,525,3
376,28,677,4
377,1,270,1
377,25,312,1
378,36,12,0
378,24,64,0
379,21,615,3
380,39,621,3
380,15,637,3
380,9,525,3
381,36,12,0
381,24,64,0
382,36,12,0
382,6,116,0
383,15,637,3
384,29,871,5
384,23,954,5
384,5,963,5
385,36,12,0
386,11,839,5
386,23,954,5
386,17,958,5
387,38,407,2
387,32,399,2
387,8,449,2
388,25,312,1
388,13,180,1
389,0,13,0
389,36,12,0
390,13,180,1
390,7,196,1
391,33,558,3
392,13,180,1
393,18,65,0
394,18,65,0
394,24,64,0
395,36,12,0
395,0,13,0
396,16,731,4
396,22,698,4
396,10,730,4
397,37,280,1
397,13,180,1
397,31,276,1
398,36,12,0
398,18,65,0
399,8,449,2
400,0,13,0
400,6,116,0
401,0,13,0
402,10,730,4
403,0,13,0
404,6,116,0
404,36,12,0
405,0,13,0
405,24,64,0
405,36,12,0
406,0,13,0
407,2,439,2
407,8,449,2
408,33,558,3
409,37,280,1
410,12,98,0
411,30,128,0
411,0,13,0
412,27,594,3
412,39,621,3
412,3,553,3
413,37,280,1
414,36,12,0
414,6,116,0
414,24,64,0
415,6,116,0
416,36,12,0
416,24,64,0
416,0,13,0
417,13,180,1
417,31,276,1
418,28,677,4
418,22,698,4
418,16,731,4
419,19,244,1
419,31,276,1
419,13,180,1
420,37,280,1
420,7,196,1
421,12,98,0
421,0,13,0
422,8,449,2
422,32,399,2
422,38,407,2
423,9,525,3
423,21,615,3
424,22,698,4
425,20,351,2
425,2,439,2
425,38,407,2
426,4,745,4
426,16,731,4
426,28,677,4
427,14,408,2
427,38,407,2
427,2,439,2
428,16,731,4
429,1,270,1
429,19,244,1
430,24,64,0
430,30,128,0
430,12,98,0
431,12,98,0
431,30,128,0
431,0,13,0
432,37,280,1
433,23,954,5
433,29,871,5
433,11,839,5
434,4,745,4
434,10,730,4
435,15,637,3
435,9,525,3
436,29,871,5
436,17,958,5
436,35,924,5
437,1,270,1
438,33,558,3
439,24,64,0
439,36,12,0
439,6,116,0
440,13,180,1
440,19,244,1
441,0,13,0
441,24,64,0
442,2,439,2
443,7,196,1
443,13,180,1
443,31,276,1
444,6,116,0
444,12,98,0
445,17,958,5
446,9,525,3
446,33,558,3
447,38,407,2
447,26,457,2
447,32,399,2
448,1,270,1
448,7,196,1
449,23,954,5
449,29,871,5
450,8,449,2
450,20,351,2
451,36,12,0
452,39,621,3
452,9,525,3
452,3,553,3
453,12,98,0
453,0,13,0
453,36,12,0
454,0,13,0
454,30,128,0
454,12,98,0
455,12,98,0
455,18,65,0
455,0,13,0
456,24,64,0
456,36,12,0
456,0,13,0
457,29,871,5
457,17,958,5
458,18,65,0
458,36,12,0
458,6,116,0
459,34,747,4
460,32,399,2
460,14,408,2
460,20,351,2
461,12,98,0
462,18,65,0
462,0,13,0
462,30,128,0
463,4,745,4
463,34,747,4
463,16,731,4
464,36,12,0
465,18,65,0
465,24,64,0
466,11,839,5
467,36,12,0
467,0,13,0
468,18,65,0
469,22,698,4
470,8,449,2
470,20,351,2
470,32,399,2
471,4,745,4
471,28,677,4
472,12,98,0
472,6,116,0
473,35,924,5
473,29,871,5
473,11,839,5
474,6,116,0
474,36,12,0
475,20,351,2
476,18,65,0
476,30,128,0
476,6,116,0
477,0,13,0
477,36,12,0
477,18,65,0
478,7,196,1
478,37,280,1
478,13,180,1
479,13,180,1
479,31,276,1
479,1,270,1
480,18,65,0
480,0,13,0
480,30,128,0
481,7,196,1
481,31,276,1
482,24,64,0
482,30,128,0
482,36,12,0
483,19,244,1
483,7,196,1
484,14,408,2
485,32,399,2
485,20,351,2
485,38,407,2
486,25,312,1
486,13,180,1
487,20,351,2
487,14,408,2
488,14,408,2
488,2,439,2
489,32,399,2
490,4,745,4
490,16,731,4
490,10,730,4
491,6,116,0
492,18,65,0
493,4,745,4
493,22,698,4
493,28,677,4
494,6,116,0
494,12,98,0
494,24,64,0
495,0,13,0
495,24,64,0
496,2,439,2
497,31,276,1
498,32,399,2
499,7,196,1
499,25,312,1
500,6,116,0
501,31,276,1
501,13,180,1
502,15,637,3
503,36,12,0
503,0,13,0
504,6,116,0
504,36,12,0
504,30,128,0
505,16,731,4
505,22,698,4
506,28,677,4
506,16,731,4
507,28,677,4
507,22,698,4
507,16,731,4
508,36,12,0
508,0,13,0
508,18,65,0
509,18,65,0
509,30,128,0
510,9,525,3
510,27,594,3
510,3,553,3
511,39,621,3
511,33,558,3
511,27,594,3
512,12,98,0
513,36,12,0
513,18,65,0
513,30,128,0
514,37,280,1
514,7,196,1
515,18,65,0
515,0,13,0
515,36,12,0
516,27,594,3
517,6,116,0
517,0,13,0
517,30,128,0
518,4,745,4
518,10,730,4
518,28,677,4
519,36,12,0
519,6,116,0
519,12,98,0
520,13,180,1
520,25,312,1
520,7,196,1
521,15,637,3
521,33,558,3
522,0,13,0
522,36,12,0
522,18,65,0
523,6,116,0
524,31,276,1
524,1,270,1
524,25,312,1
525,14,408,2
526,6,116,0
527,13,180,1
527,31,276,1
528,2,439,2
528,38,407,2
528,20,351,2
529,36,12,0
530,0,13,0
530,18,65,0
530,30,128,0
531,7,196,1
532,6,116,0
532,12,98,0
533,39,621,3
534,27,594,3
534,9,525,3
535,0,13,0
536,35,924,5
536,17,958,5
537,9,525,3
537,15,637,3
538,12,98,0
538,30,128,0
538,18,65,0
539,28,677,4
539,10,730,4
540,0,13,0
540,36,12,0
541,24,64,0
542,3,553,3
542,39,621,3
543,29,871,5
544,37,280,1
545,31,276,1
545,1,270,1
545,19,244,1
546,36,12,0
546,0,13,0
547,19,244,1
547,13,180,1
547,25,312,1
548,27,594,3
548,33,558,3
548,9,525,3
549,20,351,2
550,24,64,0
550,18,65,0
551,38,407,2
551,26,457,2
551,2,439,2
552,14,408,2
552,2,439,2
553,12,98,0
553,24,64,0
554,36,12,0
554,24,64,0
555,35,924,5
555,29,871,5
556,15,637,3
557,25,312,1
558,3,553,3
558,15,637,3
558,9,525,3
559,19,244,1
559,13,180,1
560,30,128,0
560,24,64,0
560,0,13,0
561,29,871,5
561,5,963,5
561,11,839,5
562,28,677,4
563,10,730,4
564,31,276,1
564,25,312,1
565,0,13,0
565,12,98,0
566,26,457,2
567,2,439,2
567,20,351,2
567,14,408,2
568,8,449,2
569,22,698,4
569,4,745,4
569,16,731,4
570,36,12,0
571,28,677,4
571,22,698,4
571,10,730,4
572,0,13,0
573,0,13,0
573,36,12,0
574,0,13,0
575,33,558,3
575,3,553,3
575,15,637,3
576,22,698,4
577,13,180,1
577,19,244,1
577,37,280,1
578,7,196,1
579,15,637,3
579,9,525,3
579,39,621,3
580,9,525,3
580,27,594,3
580,33,558,3
581,6,116,0
581,18,65,0
581,12,98,0
582,2,439,2
582,32,399,2
583,13,180,1
584,25,312,1
585,25,312,1
586,24,64,0
587,38,407,2
587,26,457,2
588,13,180,1
589,6,116,0
589,30,128,0
589,18,65,0
590,18,65,0
590,12,98,0
590,24,64,0
591,13,180,1
591,1,270,1
592,10,730,4
592,22,698,4
592,28,677,4
593,2,439,2
594,37,280,1
594,13,180,1
594,19,244,1
595,37,280,1
595,25,312,1
595,19,244,1
596,0,13,0
597,12,98,0
597,36,12,0
598,8,449,2
598,2,439,2
598,20,351,2
599,17,958,5
599,23,954,5
599,5,963,5
600,14,408,2
601,9,525,3
602,16,731,4
602,28,677,4
602,4,745,4
603,11,839,5
603,5,963,5
603,23,954,5
604,18,65,0
604,30,128,0
605,23,954,5
606,14,408,2
606,38,407,2
606,26,457,2
607,7,196,1
607,25,312,1
607,13,180,1
608,29,871,5
608,35,924,5
609,9,525,3
609,15,637,3
609,3,553,3
610,19,244,1
611,14,408,2
611,26,457,2
612,18,65,0
612,6,116,0
613,36,12,0
613,30,128,0
614,30,128,0
615,1,270,1
616,6,116,0
617,26,457,2
617,2,439,2
617,8,449,2
618,31,276,1
618,37,280,1
618,1,270,1
619,19,244,1
620,1,270,1
620,19,244,1
621,4,745,4
622,30,128,0
622,12,98,0
623,36,12,0
623,24,64,0
623,6,116,0
624,19,244,1
624,25,312,1
624,31,276,1
625,25,312,1
625,7,196,1
625,37,280,1
626,12,98,0
626,24,64,0
627,19,244,1
627,7,196,1
628,27,594,3
628,9,525,3
629,18,65,0
629,12,98,0
629,24,64,0
630,18,65,0
630,36,12,0
630,6,116,0
631,30,128,0
632,10,730,4
632,22,698,4
633,36,12,0
634,5,963,5
634,35,924,5
635,35,924,5
636,23,954,5
637,30,128,0
638,20,351,2
638,38,407,2
638,14,408,2
639,36,12,0
639,24,64,0
640,32,399,2
641,13,180,1
641,19,244,1
641,37,280,1
642,14,408,2
643,30,128,0
643,6,116,0
644,5,963,5
644,23,954,5
645,10,730,4
645,34,747,4
646,18,65,0
646,36,12,0
647,24,64,0
648,17,958,5
648,5,963,5
649,2,439,2
649,8,449,2
649,32,399,2
650,9,525,3
651,30,128,0
652,31,276,1
653,7,196,1
653,37,280,1
653,25,312,1
654,28,677,4
654,4,745,4
654,10,730,4
655,2,439,2
656,6,116,0
656,0,13,0
657,7,196,1
657,19,244,1
658,12,98,0
658,6,116,0
658,18,65,0
659,18,65,0
659,0,13,0
660,13,180,1
661,15,637,3
662,25,312,1
663,30,128,0
663,18,65,0
664,1,270,1
664,31,276,1
664,37,280,1
665,6,116,0
665,18,65,0
665,30,128,0
666,21,615,3
666,9,525,3
667,5,963,5
667,11,839,5
667,17,958,5
668,0,13,0
668,36,12,0
668,6,116,0
669,31,276,1
670,18,65,0
671,17,958,5
672,0,13,0
673,23,954,5
673,35,924,5
673,11,839,5
674,37,280,1
675,25,312,1
675,31,276,1
675,7,196,1
676,16,731,4
677,36,12,0
677,30,128,0
678,7,196,1
678,25,312,1
678,37,280,1
679,18,65,0
679,12,98,0
680,8,449,2
680,20,351,2
681,36,12,0
681,12,98,0
682,26,457,2
682,14,408,2
683,22,698,4
684,36,12,0
685,36,12,0
685,0,13,0
685,18,65,0
686,0,13,0
686,12,98,0
686,18,65,0
687,23,954,5
688,26,457,2
688,38,407,2
689,0,13,0
689,36,12,0
690,25,312,1
690,1,270,1
690,13,180,1
691,34,747,4
691,10,730,4
692,12,98,0
692,6,116,0
692,36,12,0
693,6,116,0
694,36,12,0
694,12,98,0
695,0,13,0
696,6,116,0
697,33,558,3
697,15,637,3
698,37,280,1
698,31,276,1
698,13,180,1
699,15,637,3
699,39,621,3
699,27,594,3
700,15,637,3
700,33,558,3
700,27,594,3
701,12,98,0
701,30,128,0
701,24,64,0
702,2,439,2
703,21,615,3
703,39,621,3
703,27,594,3
704,30,128,0
704,6,116,0
704,12,98,0
705,37,280,1
705,7,196,1
706,37,280,1
707,30,128,0
707,24,64,0
707,12,98,0
708,13,180,1
709,0,13,0
709,18,65,0
710,36,12,0
710,18,65,0
711,39,621,3
711,27,594,3
711,9,525,3
712,5,963,5
712,29,871,5
713,7,196,1
713,37,280,1
714,7,196,1
715,4,745,4
715,22,698,4
715,10,730,4
716,18,65,0
716,6,116,0
717,12,98,0
717,18,65,0
718,2,439,2
718,14,408,2
719,10,730,4
720,24,64,0
721,20,351,2
721,14,408,2
722,18,65,0
722,30,128,0
722,24,64,0
723,31,276,1
723,25,312,1
723,1,270,1
724,16,731,4
724,28,677,4
725,24,64,0
725,36,12,0
725,12,98,0
726,28,677,4
726,10,730,4
726,16,731,4
727,24,64,0
728,36,12,0
728,18,65,0
729,35,924,5
729,17,958,5
729,29,871,5
730,18,65,0
730,6,116,0
730,30,128,0
731,18,65,0
731,12,98,0
732,6,116,0
733,24,64,0
734,12,98,0
735,13,180,1
735,1,270,1
735,19,244,1
736,23,954,5
737,10,730,4
737,22,698,4
737,4,745,4
738,38,407,2
738,32,399,2
739,0,13,0
739,18,65,0
740,21,615,3
741,26,457,2
741,20,351,2
741,38,407,2
742,33,558,3
742,21,615,3
743,18,65,0
744,36,12,0
745,2,439,2
745,14,408,2
746,6,116,0
746,18,65,0
746,36,12,0
747,4,745,4
747,10,730,4
747,22,698,4
748,29,871,5
749,13,180,1
750,36,12,0
750,0,13,0
750,30,128,0
751,36,12,0
751,30,128,0
751,18,65,0
752,19,244,1
753,13,180,1
754,13,180,1
754,37,280,1
755,34,747,4
755,28,677,4
756,6,116,0
757,12,98,0
758,30,128,0
759,37,280,1
759,31,276,1
760,12,98,0
761,6,116,0
762,11,839,5
763,24,64,0
764,37,280,1
764,1,270,1
764,13,180,1
765,24,64,0
765,0,13,0
765,12,98,0
766,24,64,0
766,18,65,0
767,18,65,0
767,0,13,0
767,30,128,0
768,2,439,2
769,4,745,4
769,34,747,4
769,22,698,4
770,36,12,0
770,30,128,0
771,7,196,1
771,13,180,1
771,31,276,1
772,25,312,1
772,7,196,1
772,13,180,1
773,18,65,0
774,22,698,4
775,26,457,2
775,14,408,2
775,8,449,2
776,19,244,1
777,24,64,0
777,6,116,0
777,36,12,0
778,36,12,0
778,24,64,0
778,6,116,0
779,8,449,2
779,26,457,2
779,2,439,2
780,0,13,0
781,39,621,3
782,0,13,0
782,24,64,0
783,31,276,1
783,25,312,1
784,24,64,0
785,35,924,5
785,11,839,5
785,29,871,5
786,19,244,1
786,7,196,1
787,33,558,3
787,15,637,3
788,30,128,0
788,18,65,0
789,30,128,0
789,18,65,0
790,17,958,5
790,11,839,5
791,13,180,1
791,1,270,1
792,1,270,1
793,4,745,4
793,28,677,4
793,10,730,4
794,36,12,0
795,2,439,2
796,32,399,2
796,8,449,2
796,20,351,2
797,14,408,2
797,32,399,2
797,38,407,2
798,23,954,5
799,14,408,2
799,26,457,2
800,35,924,5
800,5,963,5
801,13,180,1
801,31,276,1
802,12,98,0
802,30,128,0
803,19,244,1
803,25,312,1
804,32,399,2
805,2,439,2
805,14,408,2
805,26,457,2
806,12,98,0
806,36,12,0
806,30,128,0
807,6,116,0
807,18,65,0
808,26,457,2
808,14,408,2
808,38,407,2
809,36,12,0
809,30,128,0
809,12,98,0
810,13,180,1
811,12,98,0
811,6,116,0
811,0,13,0
812,35,924,5
812,17,958,5
813,12,98,0
814,9,525,3
814,33,558,3
814,39,621,3
815,30,128,0
815,36,12,0
815,18,65,0
816,24,64,0
816,36,12,0
816,30,128,0
817,7,196,1
817,31,276,1
818,1,270,1
819,14,408,2
819,26,457,2
819,32,399,2
820,30,128,0
820,24,64,0
821,31,276,1
821,19,244,1
821,37,280,1
822,0,13,0
823,30,128,0
824,6,116,0
825,7,196,1
825,37,280,1
825,13,180,1
826,36,12,0
826,18,65,0
826,6,116,0
827,34,747,4
828,27,594,3
829,20,351,2
829,38,407,2
830,36,12,0
831,31,276,1
832,0,13,0
833,19,244,1
834,31,276,1
834,13,180,1
835,37,280,1
835,7,196,1
835,1,270,1
836,18,65,0
836,36,12,0
836,6,116,0
837,26,457,2
837,38,407,2
837,8,449,2
838,6,116,0
839,1,270,1
839,37,280,1
839,25,312,1
840,20,351,2
841,13,180,1
842,24,64,0
842,12,98,0
842,0,13,0
843,18,65,0
843,24,64,0
844,21,615,3
844,9,525,3
845,2,439,2
845,32,399,2
845,26,457,2
846,30,128,0
847,36,12,0
847,0,13,0
847,12,98,0
848,6,116,0
849,13,180,1
850,33,558,3
850,39,621,3
851,36,12,0
851,6,116,0
851,24,64,0
852,36,12,0
852,24,64,0
852,18,65,0
853,14,408,2
853,26,457,2
854,6,116,0
855,26,457,2
855,38,407,2
855,8,449,2
856,34,747,4
856,16,731,4
856,22,698,4
857,18,65,0
858,30,128,0
858,18,65,0
859,28,677,4
859,34,747,4
860,30,128,0
860,36,12,0
861,31,276,1
861,37,280,1
861,13,180,1
862,0,13,0
862,18,65,0
862,36,12,0
863,8,449,2
863,20,351,2
863,14,408,2
864,30,128,0
865,18,65,0
865,24,64,0
865,30,128,0
866,10,730,4
867,22,698,4
867,34,747,4
868,32,399,2
869,17,958,5
870,3,553,3
870,27,594,3
871,16,731,4
872,31,276,1
872,1,270,1
873,15,637,3
873,9,525,3
873,33,558,3
874,25,312,1
874,13,180,1
875,18,65,0
875,30,128,0
875,12,98,0
876,13,180,1
877,25,312,1
878,19,244,1
879,21,615,3
879,15,637,3
879,3,553,3
880,4,745,4
881,7,196,1
881,31,276,1
882,18,65,0
882,36,12,0
882,6,116,0
883,11,839,5
883,5,963,5
884,11,839,5
884,29,871,5
885,39,621,3
885,3,553,3
886,22,698,4
886,34,747,4
886,16,731,4
887,3,553,3
887,27,594,3
888,10,730,4
889,18,65,0
889,30,128,0
890,6,116,0
891,36,12,0
892,18,65,0
893,5,963,5
893,17,958,5
894,7,196,1
894,25,312,1
894,13,180,1
895,30,128,0
896,3,553,3
897,36,12,0
897,30,128,0
898,18,65,0
899,24,64,0
899,6,116,0
900,18,65,0
901,26,457,2
902,30,128,0
903,30,128,0
904,6,116,0
904,24,64,0
905,30,128,0
905,12,98,0
905,0,13,0
906,2,439,2
906,32,399,2
907,22,698,4
907,34,747,4
908,26,457,2
908,20,351,2
909,2,439,2
909,26,457,2
909,20,351,2
910,18,65,0
910,30,128,0
911,32,399,2
912,5,963,5
913,39,621,3
914,30,128,0
915,18,65,0
915,36,12,0
916,18,65,0
916,0,13,0
917,24,64,0
918,6,116,0
919,26,457,2
920,19,244,1
920,31,276,1
921,33,558,3
921,15,637,3
921,3,553,3
922,27,594,3
923,8,449,2
923,20,351,2
923,26,457,2
924,17,958,5
925,24,64,0
925,18,65,0
926,6,116,0
926,24,64,0
927,36,12,0
927,30,128,0
927,0,13,0
928,20,351,2
928,2,439,2
929,7,196,1
929,31,276,1
930,37,280,1
931,18,65,0
931,30,128,0
931,0,13,0
932,5,963,5
932,35,924,5
932,17,958,5
933,3,553,3
933,27,594,3
934,13,180,1
934,7,196,1
935,20,351,2
935,38,407,2
936,24,64,0
936,12,98,0
937,21,615,3
937,15,637,3
938,12,98,0
938,6,116,0
938,24,64,0
939,30,128,0
940,6,116,0
940,12,98,0
941,9,525,3
941,21,615,3
942,35,924,5
942,23,954,5
943,20,351,2
944,37,280,1
944,13,180,1
944,7,196,1
945,1,270,1
945,13,180,1
945,31,276,1
946,4,745,4
947,38,407,2
947,14,408,2
947,2,439,2
948,0,13,0
948,36,12,0
948,6,116,0
949,37,280,1
949,1,270,1
950,18,65,0
951,12,98,0
951,18,65,0
952,12,98,0
952,30,128,0
953,6,116,0
954,23,954,5
954,35,924,5
955,35,924,5
955,5,963,5
955,11,839,5
956,2,439,2
956,14,408,2
957,4,745,4
958,11,839,5
958,29,871,5
959,5,963,5
959,17,958,5
960,37,280,1
960,25,312,1
961,25,312,1
962,7,196,1
963,30,128,0
964,24,64,0
965,35,924,5
965,5,963,5
966,2,439,2
966,8,449,2
967,38,407,2
967,20,351,2
968,26,457,2
968,20,351,2
969,31,276,1
969,25,312,1
969,37,280,1
970,6,116,0
970,0,13,0
970,30,128,0
971,29,871,5
971,5,963,5
971,35,924,5
972,12,98,0
972,36,12,0
972,0,13,0
973,35,924,5
973,29,871,5
974,9,525,3
975,4,745,4
975,16,731,4
975,34,747,4
976,6,116,0
977,28,677,4
978,23,954,5
978,35,924,5
978,5,963,5
979,31,276,1
979,7,196,1
980,19,244,1
980,7,196,1
980,1,270,1
981,36,12,0
982,25,312,1
982,7,196,1
983,32,399,2
984,22,698,4
985,24,64,0
985,36,12,0
985,0,13,0
986,0,13,0
986,36,12,0
987,24,64,0
988,27,594,3
988,3,553,3
988,15,637,3
989,19,244,1
990,8,449,2
991,5,963,5
991,29,871,5
991,23,954,5
992,30,128,0
993,24,64,0
993,36,12,0
994,0,13,0
995,15,637,3
996,22,698,4
996,16,731,4
997,24,64,0
997,36,12,0
997,18,65,0
998,12,98,0
998,6,116,0
999,14,408,2
999,2,439,2
1000,12,98,0
1000,0,13,0
1001,22,698,4
1002,12,98,0
1002,24,64,0
1003,6,116,0
1003,36,12,0
1004,32,399,2
1004,2,439,2
1004,20,351,2
1005,8,449,2
1005,32,399,2
1005,38,407,2
1006,25,312,1
1006,7,196,1
1007,25,312,1
1008,34,747,4
1008,4,745,4
1008,10,730,4
1009,32,399,2
1010,32,399,2
1010,26,457,2
1010,14,408,2
1011,6,116,0
1011,36,12,0
1012,7,196,1
1013,16,731,4
1014,7,196,1
1014,19,244,1
1014,13,180,1
1015,1,270,1
1016,29,871,5
1017,38,407,2
1018,10,730,4
1018,4,745,4
1019,31,276,1
1019,37,280,1
1019,7,196,1
1020,32,399,2
1021,39,621,3
1021,9,525,3
1022,13,180,1
1022,37,280,1
1022,25,312,1
1023,34,747,4
1024,17,958,5
1025,0,13,0
1026,36,12,0
1026,6,116,0
1027,11,839,5
1028,35,924,5
1028,11,839,5
1028,23,954,5
1029,6,116,0
1029,12,98,0
1029,18,65,0
1030,6,116,0
1030,24,64,0
1030,12,98,0
1031,7,196,1
1031,19,244,1
1032,38,407,2
1032,8,449,2
1032,32,399,2
1033,24,64,0
1033,18,65,0
1033,6,116,0
1034,18,65,0
1035,24,64,0
1035,30,128,0
1036,37,280,1
1037,0,13,0
1037,30,128,0
1037,6,116,0
1038,3,553,3
1038,39,621,3
1039,12,98,0
1040,0,13,0
1040,30,128,0
1041,21,615,3
1041,3,553,3
1042,38,407,2
1043,0,13,0
1043,6,116,0
1044,6,116,0
1044,0,13,0
1044,12,98,0
1045,36,12,0
1045,0,13,0
1045,24,64,0
1046,35,924,5
1047,30,128,0
1048,25,312,1
1049,6,116,0
1050,18,65,0
1050,36,12,0
1050,6,116,0
1051,32,399,2
1051,20,351,2
1052,36,12,0
1053,0,13,0
1053,18,65,0
1053,30,128,0
1054,24,64,0
1054,6,116,0
1054,12,98,0
1055,0,13,0
1055,36,12,0
1055,18,65,0
1056,6,116,0
1057,18,65,0
1058,26,457,2
1059,18,65,0
1060,0,13,0
1060,18,65,0
1061,39,621,3
1062,28,677,4
1062,16,731,4
1062,34,747,4
1063,0,13,0
1064,12,98,0
1064,18,65,0
1064,0,13,0
1065,15,637,3
1065,27,594,3
1065,9,525,3
1066,30,128,0
1066,0,13,0
1067,30,128,0
1067,18,65,0
1067,6,116,0
1068,2,439,2
1069,9,525,3
1069,15,637,3
1069,21,615,3
1070,19,244,1
1071,18,65,0
1072,36,12,0
1072,0,13,0
1073,11,839,5
1074,6,116,0
1074,18,65,0
1074,36,12,0
1075,10,730,4
1075,4,745,4
1075,34,747,4
1076,30,128,0
1077,16,731,4
1078,35,924,5
1078,17,958,5
1079,7,196,1
1079,31,276,1
1079,1,270,1
1080,18,65,0
1081,0,13,0
1082,2,439,2
1083,37,280,1
1083,7,196,1
1083,1,270,1
1084,15,637,3
1084,33,558,3
1085,23,954,5
1086,20,351,2
1086,26,457,2
1086,32,399,2
1087,1,270,1
1087,19,244,1
1088,36,12,0
1088,18,65,0
1089,0,13,0
1090,0,13,0
1090,24,64,0
1090,18,65,0
1091,18,65,0
1092,24,64,0
1092,30,128,0
1093,19,244,1
1094,35,924,5
1094,23,954,5
1095,1,270,1
1096,17,958,5
1096,11,839,5
1097,29,871,5
1098,0,13,0
1098,36,12,0
1098,6,116,0
1099,36,12,0
1100,17,958,5
1100,29,871,5
1101,0,13,0
1101,6,116,0
1102,0,13,0
1103,0,13,0
1104,19,244,1
1104,31,276,1
1104,1,270,1
1105,15,637,3
1105,3,553,3
1105,33,558,3
1106,36,12,0
1107,6,116,0
1107,0,13,0
1107,30,128,0
1108,18,65,0
1108,36,12,0
1109,12,98,0
1109,6,116,0
1109,36,12,0
1110,0,13,0
1111,25,312,1
1111,31,276,1
1112,7,196,1
1112,19,244,1
1112,13,180,1
1113,30,128,0
1113,12,98,0
1113,0,13,0
1114,36,12,0
1114,18,65,0
1115,26,457,2
1116,12,98,0
1117,1,270,1
1117,13,180,1
1117,37,280,1
1118,26,457,2
1119,12,98,0
1119,0,13,0
1120,24,64,0
1120,6,116,0
1120,0,13,0
1121,1,270,1
1121,25,312,1
1122,37,280,1
1123,36,12,0
1124,22,698,4
1124,16,731,4
1125,38,407,2
1125,14,408,2
1125,32,399,2
1126,24,64,0
1126,12,98,0
1126,0,13,0
1127,30,128,0
1128,34,747,4
1128,22,698,4
1128,4,745,4
1129,2,439,2
1129,32,399,2
1129,20,351,2
1130,34,747,4
1131,15,637,3
1131,21,615,3
1132,25,312,1
1132,1,270,1
1132,37,280,1
1133,19,244,1
1133,1,270,1
1134,18,65,0
1134,0,13,0
1135,30,128,0
1136,10,730,4
1136,34,747,4
1137,0,13,0
1137,12,98,0
1138,24,64,0
1138,36,12,0
1138,30,128,0
1139,19,244,1
1140,29,871,5
1140,11,839,5
1141,37,280,1
1141,7,196,1
1141,13,180,1
1142,7,196,1
1143,0,13,0
1144,36,12,0
1145,24,64,0
1146,15,637,3
1147,27,594,3
1148,37,280,1
1148,1,270,1
1149,23,954,5
1149,11,839,5
1150,4,745,4
1151,21,615,3
1152,15,637,3
1152,3,553,3
1153,33,558,3
1154,20,351,2
1154,8,449,2
1155,11,839,5
1155,17,958,5
1155,35,924,5
1156,25,312,1
1156,19,244,1
1157,33,558,3
1157,9,525,3
1158,19,244,1
1159,32,399,2
1160,25,312,1
1160,7,196,1
1161,32,399,2
1162,12,98,0
1162,36,12,0
1163,36,12,0
1163,24,64,0
1163,18,65,0
1164,33,558,3
1165,15,637,3
1165,39,621,3
1166,13,180,1
1166,1,270,1
1166,31,276,1
1167,20,351,2
1168,25,312,1
1168,37,280,1
1169,30,128,0
1169,24,64,0
1170,35,924,5
1171,28,677,4
1171,22,698,4
1171,34,747,4
1172,19,244,1
1172,37,280,1
1172,31,276,1
1173,12,98,0
1173,30,128,0
1174,1,270,1
1174,7,196,1
1174,31,276,1
1175,37,280,1
1175,1,270,1
1176,7,196,1
1177,32,399,2
1178,24,64,0
1178,6,116,0
1178,12,98,0
1179,34,747,4
1179,16,731,4
1179,28,677,4
1180,36,12,0
1180,12,98,0
1181,5,963,5
1182,28,677,4
1182,22,698,4
1183,18,65,0
1184,30,128,0
1185,31,276,1
1185,19,244,1
1186,25,312,1
1186,37,280,1
1187,34,747,4
1187,10,730,4
1187,4,745,4
1188,16,731,4
1189,15,637,3
1190,9,525,3
1190,3,553,3
1190,15,637,3
1191,12,98,0
1191,0,13,0
1192,36,12,0
1192,0,13,0
1192,18,65,0
1193,15,637,3
1193,27,594,3
1194,28,677,4
1194,16,731,4
1194,22,698,4
1195,9,525,3
1195,21,615,3
1196,30,128,0
1197,0,13,0
1198,29,871,5
1198,35,924,5
1199,17,958,5
1200,0,13,0
1201,13,180,1
1201,7,196,1
1201,37,280,1
1202,6,116,0
1203,6,116,0
1204,8,449,2
1204,20,351,2
1205,34,747,4
1205,16,731,4
1205,28,677,4
1206,6,116,0
1206,36,12,0
1206,30,128,0
1207,12,98,0
1207,30,128,0
1207,0,13,0
1208,25,312,1
1208,7,196,1
1208,37,280,1
1209,0,13,0
1210,29,871,5
1210,17,958,5
1211,1,270,1
1212,9,525,3
1213,27,594,3
1213,21,615,3
1214,30,128,0
1215,0,13,0
1215,24,64,0
1216,12,98,0
1217,36,12,0
1217,30,128,0
1218,18,65,0
1218,6,116,0
1218,36,12,0
1219,36,12,0
1219,0,13,0
1220,10,730,4
1220,4,745,4
1221,28,677,4
1221,10,730,4
1222,12,98,0
1223,36,12,0
1223,0,13,0
1224,31,276,1
1224,7,196,1
1224,25,312,1
1225,36,12,0
1225,18,65,0
1225,24,64,0
1226,7,196,1
1227,30,128,0
1228,24,64,0
1228,18,65,0
1228,12,98,0
1229,12,98,0
1229,36,12,0
1230,26,457,2
1230,14,408,2
1231,1,270,1
1231,31,276,1
1232,39,621,3
1232,15,637,3
1232,9,525,3
1233,18,65,0
1234,10,730,4
1235,31,276,1
1235,1,270,1
1235,19,244,1
1236,24,64,0
1237,37,280,1
1237,25,312,1
1237,19,244,1
1238,23,954,5
1238,35,924,5
1239,27,594,3
1239,15,637,3
1240,17,958,5
1240,5,963,5
1241,25,312,1
1241,1,270,1
1241,19,244,1
1242,27,594,3
1242,9,525,3
1242,21,615,3
1243,33,558,3
1243,9,525,3
1244,37,280,1
1244,19,244,1
1245,11,839,5
1246,38,407,2
1246,20,351,2
1246,26,457,2
1247,30,128,0
1248,1,270,1
1249,8,449,2
1250,16,731,4
1250,10,730,4
1250,34,747,4
1251,31,276,1
1251,13,180,1
1251,1,270,1
1252,36,12,0
1252,6,116,0
1253,4,745,4
1254,17,958,5
1254,11,839,5
1255,0,13,0
1255,12,98,0
1255,30,128,0
1256,24,64,0
1257,32,399,2
1257,14,408,2
1258,26,457,2
1258,20,351,2
1259,37,280,1
1259,25,312,1
1260,39,621,3
1261,30,128,0
1261,6,116,0
1262,18,65,0
1262,24,64,0
1263,35,924,5
1263,5,963,5
1264,8,449,2
1265,0,13,0
1266,18,65,0
1267,20,351,2
1267,38,407,2
1268,7,196,1
1269,6,116,0
1270,36,12,0
1270,6,116,0
1271,18,65,0
1271,30,128,0
1272,29,871,5
1273,31,276,1
1273,19,244,1
1273,1,270,1
1274,13,180,1
1275,7,196,1
1276,26,457,2
1276,32,399,2
1276,20,351,2
1277,1,270,1
1277,19,244,1
1278,7,196,1
1279,36,12,0
1279,24,64,0
1279,18,65,0
1280,20,351,2
1280,38,407,2
1280,14,408,2
1281,19,244,1
1281,31,276,1
1281,1,270,1
1282,24,64,0
1282,36,12,0
1283,26,457,2
1284,17,958,5
1284,29,871,5
1284,11,839,5
1285,6,116,0
1286,37,280,1
1286,7,196,1
1287,6,116,0
1287,18,65,0
1288,21,615,3
1289,38,407,2
1289,2,439,2
1290,12,98,0
1290,0,13,0
1290,18,65,0
1291,18,65,0
1292,24,64,0
1293,13,180,1
1294,0,13,0
1295,24,64,0
1295,30,128,0
1296,36,12,0
1297,12,98,0
1297,36,12,0
1297,30,128,0
1298,8,449,2
1298,38,407,2
1298,14,408,2
1299,35,924,5
1300,22,698,4
1300,10,730,4
1301,20,351,2
1301,26,457,2
1302,22,698,4
1302,10,730,4
1302,16,731,4
1303,18,65,0
1303,6,116,0
1304,9,525,3
1304,39,621,3
1304,21,615,3
1305,32,399,2
1306,16,731,4
1306,28,677,4
1307,19,244,1
1308,16,731,4
1309,12,98,0
1310,31,276,1
1310,13,180,1
1310,25,312,1
1311,12,98,0
1311,6,116,0
1311,24,64,0
1312,18,65,0
1313,37,280,1
1313,1,270,1
1313,25,312,1
1314,7,196,1
1314,13,180,1
1314,19,244,1
1315,7,196,1
1316,24,64,0
1317,13,180,1
1317,1,270,1
1317,37,280,1
1318,24,64,0
1319,36,12,0
1320,30,128,0
1320,0,13,0
1320,36,12,0
1321,31,276,1
1321,25,312,1
1322,2,439,2
1323,37,280,1
1324,17,958,5
1324,5,963,5
1324,29,871,5
1325,24,64,0
1326,0,13,0
1326,6,116,0
1326,12,98,0
1327,18,65,0
1328,24,64,0
1328,30,128,0
1329,37,280,1
1329,1,270,1
1329,19,244,1
1330,24,64,0
1330,0,13,0
1331,26,457,2
1331,2,439,2
1332,7,196,1
1333,0,13,0
1334,18,65,0
1335,29,871,5
1335,35,924,5
1336,31,276,1
1336,13,180,1
1336,1,270,1
1337,30,128,0
1337,0,13,0
1337,18,65,0
1338,6,116,0
1338,24,64,0
1339,10,730,4
1339,34,747,4
1340,18,65,0
1341,0,13,0
1341,6,116,0
1342,36,12,0
1342,0,13,0
1342,6,116,0
1343,19,244,1
1344,0,13,0
1344,30,128,0
1344,12,98,0
1345,0,13,0
1345,36,12,0
1345,12,98,0
1346,39,621,3
1347,20,351,2
1347,38,407,2
1347,32,399,2
1348,13,180,1
1349,20,351,2
1350,12,98,0
1351,12,98,0
1351,18,65,0
1351,24,64,0
1352,37,280,1
1352,25,312,1
1353,34,747,4
1353,10,730,4
1353,16,731,4
1354,12,98,0
1354,0,13,0
1355,29,871,5
1356,13,180,1
1356,25,312,1
1357,15,637,3
1358,17,958,5
1359,33,558,3
1359,39,621,3
1360,6,116,0
1360,18,65,0
1361,9,525,3
1361,33,558,3
1362,4,745,4
1362,16,731,4
1362,22,698,4
1363,31,276,1
1363,1,270,1
1363,37,280,1
1364,2,439,2
1364,20,351,2
1365,13,180,1
1366,30,128,0
1367,18,65,0
1367,36,12,0
1368,25,312,1
1369,0,13,0
1369,12,98,0
1369,36,12,0
1370,39,621,3
1370,9,525,3
1371,24,64,0
1372,26,457,2
1372,20,351,2
1373,18,65,0
1373,36,12,0
1374,36,12,0
1375,18,65,0
1375,30,128,0
1375,0,13,0
1376,13,180,1
1377,21,615,3
1377,39,621,3
1377,33,558,3
1378,30,128,0
1378,12,98,0
1378,36,12,0
1379,25,312,1
1379,31,276,1
1379,19,244,1
1380,24,64,0
1380,30,128,0
1381,13,180,1
1381,31,276,1
1381,19,244,1
1382,14,408,2
1382,2,439,2
1382,20,351,2
1383,1,270,1
1383,37,280,1
1384,28,677,4
1384,16,731,4
1384,4,745,4
1385,13,180,1
1385,1,270,1
1385,31,276,1
1386,0,13,0
1387,2,439,2
1387,14,408,2
1387,38,407,2
1388,19,244,1
1389,13,180,1
1389,37,280,1
1389,1,270,1
1390,12,98,0
1390,36,12,0
1390,6,116,0
1391,12,98,0
1391,30,128,0
1392,8,449,2
1393,18,65,0
1393,12,98,0
1393,30,128,0
1394,29,871,5
1395,11,839,5
1396,21,615,3
1397,31,276,1
1397,37,280,1
1398,28,677,4
1399,18,65,0
1399,36,12,0
1399,12,98,0
1400,39,621,3
1400,3,553,3
1401,12,98,0
1401,0,13,0
1401,6,116,0
1402,37,280,1
1402,31,276,1
1403,31,276,1
1403,1,270,1
1403,37,280,1
1404,0,13,0
1404,6,116,0
1404,30,128,0
1405,32,399,2
1406,9,525,3
1407,30,128,0
1407,12,98,0
1408,14,408,2
1409,1,270,1
1410,7,196,1
1411,2,439,2
1411,8,449,2
1412,14,408,2
1412,8,449,2
1413,30,128,0
1413,0,13,0
1414,16,731,4
1414,28,677,4
1414,10,730,4
1415,24,64,0
1415,0,13,0
1415,30,128,0
1416,9,525,3
1416,3,553,3
1416,21,615,3
1417,16,731,4
1417,22,698,4
1418,27,594,3
1418,21,615,3
1418,3,553,3
1419,8,449,2
1419,20,351,2
1420,18,65,0
1420,30,128,0
1420,0,13,0
1421,6,116,0
1422,31,276,1
1423,0,13,0
1423,36,12,0
1423,18,65,0
1424,30,128,0
1424,36,12,0
1425,24,64,0
1425,36,12,0
1426,13,180,1
1427,27,594,3
1427,3,553,3
1428,17,958,5
1428,5,963,5
1429,10,730,4
1430,12,98,0
1430,36,12,0
1431,36,12,0
1431,24,64,0
1432,24,64,0
1433,36,12,0
1434,24,64,0
1434,6,116,0
1434,30,128,0
1435,1,270,1
1436,0,13,0
1437,13,180,1
1437,25,312,1
1438,25,312,1
1439,25,312,1
1440,25,312,1
1441,17,958,5
1442,0,13,0
1443,13,180,1
1444,23,954,5
1445,19,244,1
1445,7,196,1
1445,37,280,1
1446,18,65,0
1446,36,12,0
1447,33,558,3
1448,24,64,0
1448,36,12,0
1449,2,439,2
1449,26,457,2
1449,8,449,2
1450,30,128,0
1451,39,621,3
1452,12,98,0
1452,30,128,0
1453,31,276,1
1454,0,13,0
1455,18,65,0
1455,12,98,0
1455,30,128,0
1456,12,98,0
1456,6,116,0
1456,0,13,0
1457,23,954,5
1457,17,958,5
1457,35,924,5
1458,39,621,3
1458,9,525,3
1459,2,439,2
1459,20,351,2
1460,20,351,2
1460,26,457,2
1460,14,408,2
1461,8,449,2
1461,26,457,2
1461,20,351,2
1462,5,963,5
1462,17,958,5
1462,29,871,5
1463,31,276,1
1463,1,270,1
1464,12,98,0
1464,18,65,0
1464,0,13,0
1465,7,196,1
1466,26,457,2
1466,38,407,2
1466,2,439,2
1467,31,276,1
1467,37,280,1
1467,7,196,1
1468,21,615,3
1468,33,558,3
1469,24,64,0
1469,18,65,0
1469,0,13,0
1470,21,615,3
1471,14,408,2
1472,7,196,1
1472,19,244,1
1473,18,65,0
1473,24,64,0
1473,30,128,0
1474,30,128,0
1474,6,116,0
1475,19,244,1
1475,31,276,1
1476,34,747,4
1476,4,745,4
1476,16,731,4
1477,8,449,2
1478,30,128,0
1478,18,65,0
1478,36,12,0
1479,36,12,0
1479,12,98,0
1479,6,116,0
1480,8,449,2
1481,13,180,1
1482,36,12,0
1482,0,13,0
1483,6,116,0
1483,24,64,0
1483,36,12,0
1484,12,98,0
1484,0,13,0
1484,18,65,0
1485,12,98,0
1486,6,116,0
1486,0,13,0
1487,16,731,4
1487,22,698,4
1487,4,745,4
1488,12,98,0
1488,6,116,0
1489,30,128,0
1490,23,954,5
1490,35,924,5
1491,13,180,1
1492,12,98,0
1492,6,116,0
1492,0,13,0
1493,37,280,1
1493,13,180,1
1494,35,924,5
1494,5,963,5
1495,18,65,0
1495,36,12,0
1496,36,12,0
1497,24,64,0
1498,12,98,0
1498,24,64,0
1498,0,13,0
1499,24,64,0
1499,12,98,0
1500,31,276,1
1500,19,244,1
1500,37,280,1
1501,10,730,4
1501,34,747,4
1502,6,116,0
1502,24,64,0
1502,18,65,0
1503,34,747,4
1504,6,116,0
1505,18,65,0
1505,0,13,0
1505,12,98,0
1506,27,594,3
1506,3,553,3
1507,38,407,2
1507,14,408,2
1507,2,439,2
1508,13,180,1
1508,31,276,1
1508,1,270,1
1509,31,276,1
1509,13,180,1
1509,37,280,1
1510,12,98,0
1511,19,244,1
1511,7,196,1
1511,31,276,1
1512,12,98,0
1512,36,12,0
1513,22,698,4
1513,4,745,4
1514,20,351,2
1514,32,399,2
1514,8,449,2
1515,9,525,3
1515,27,594,3
1516,1,270,1
1516,19,244,1
1517,26,457,2
1517,32,399,2
1518,0,13,0
1518,36,12,0
1518,6,116,0
1519,13,180,1
1520,36,12,0
1520,6,116,0
1520,24,64,0
1521,0,13,0
1522,2,439,2
1523,8,449,2
1523,38,407,2
1524,15,637,3
1524,27,594,3
1525,38,407,2
1525,32,399,2
1526,24,64,0
1526,6,116,0
1526,0,13,0
1527,3,553,3
1528,37,280,1
1528,19,244,1
1528,13,180,1
1529,12,98,0
1529,6,116,0
1529,30,128,0
1530,21,615,3
1530,3,553,3
1530,33,558,3
1531,26,457,2
1531,38,407,2
1532,35,924,5
1532,29,871,5
1532,17,958,5
1533,22,698,4
1534,4,745,4
1534,28,677,4
1534,16,731,4
1535,6,116,0
1535,0,13,0
1536,7,196,1
1537,12,98,0
1538,32,399,2
1538,26,457,2
1539,32,399,2
1539,26,457,2
1540,34,747,4
1540,22,698,4
1540,4,745,4
1541,10,730,4
1541,4,745,4
1542,13,180,1
1542,7,196,1
1542,19,244,1
1543,13,180,1
1543,25,312,1
1544,30,128,0
1544,36,12,0
1545,4,745,4
1545,22,698,4
1546,15,637,3
1546,39,621,3
1546,9,525,3
1547,18,65,0
1548,6,116,0
1548,24,64,0
1549,0,13,0
1549,24,64,0
1549,6,116,0
1550,0,13,0
1550,6,116,0
1551,13,180,1
1551,1,270,1
1552,5,963,5
1552,23,954,5
1552,11,839,5
1553,31,276,1
1554,27,594,3
1554,3,553,3
1555,13,180,1
1555,37,280,1
1555,25,312,1
1556,1,270,1
1556,13,180,1
1557,4,745,4
1557,16,731,4
1558,13,180,1
1559,15,637,3
1559,9,525,3
1559,39,621,3
1560,36,12,0
1560,6,116,0
1561,24,64,0
1562,0,13,0
1563,0,13,0
1563,24,64,0
1563,36,12,0
1564,24,64,0
1564,12,98,0
1565,17,958,5
1566,18,65,0
1567,4,745,4
1567,16,731,4
1567,34,747,4
1568,26,457,2
1568,38,407,2
1568,14,408,2
1569,18,65,0
1570,13,180,1
1570,19,244,1
1570,37,280,1
1571,30,128,0
1571,6,116,0
1571,0,13,0
1572,18,65,0
1572,12,98,0
1573,18,65,0
1573,24,64,0
1574,31,276,1
1574,19,244,1
1575,24,64,0
1575,12,98,0
1575,6,116,0
1576,12,98,0
1576,6,116,0
1577,24,64,0
1577,18,65,0
1577,0,13,0
1578,9,525,3
1579,13,180,1
1579,37,280,1
1579,1,270,1
1580,6,116,0
1580,36,12,0
1581,2,439,2
1581,20,351,2
1581,8,449,2
1582,2,439,2
1582,8,449,2
1583,21,615,3
1583,9,525,3
1584,12,98,0
1584,24,64,0
1585,10,730,4
1585,28,677,4
1585,4,745,4
1586,18,65,0
1587,22,698,4
1588,13,180,1
1588,31,276,1
1589,23,954,5
1590,31,276,1
1590,37,280,1
1591,25,312,1
1591,19,244,1
1591,7,196,1
1592,24,64,0
1592,0,13,0
1593,36,12,0
1593,0,13,0
1594,18,65,0
1594,0,13,0
1594,12,98,0
1595,18,65,0
1595,12,98,0
1595,30,128,0
1596,22,698,4
1597,23,954,5
1597,5,963,5
1597,11,839,5
1598,24,64,0
1599,1,270,1
1599,25,312,1
1599,7,196,1
1600,6,116,0
1601,12,98,0
1601,24,64,0
1602,9,525,3
1602,15,637,3
1603,18,65,0
1604,21,615,3
1604,3,553,3
1604,15,637,3
1605,19,244,1
1605,7,196,1
1606,38,407,2
1606,14,408,2
1606,32,399,2
1607,6,116,0
1608,13,180,1
1608,19,244,1
1608,31,276,1
1609,18,65,0
1609,12,98,0
1610,13,180,1
1611,12,98,0
1611,30,128,0
1611,36,12,0
1612,13,180,1
1613,8,449,2
1613,26,457,2
1614,15,637,3
1614,3,553,3
1614,39,621,3
1615,36,12,0
1616,25,312,1
1616,7,196,1
1617,12,98,0
1618,24,64,0
1619,18,65,0
1619,6,116,0
1619,0,13,0
1620,3,553,3
1621,36,12,0
1622,1,270,1
1622,19,244,1
1622,31,276,1
1623,37,280,1
1624,30,128,0
1624,18,65,0
1624,24,64,0
1625,36,12,0
1625,6,116,0
1626,20,351,2
1626,14,408,2
1627,26,457,2
1628,19,244,1
1629,12,98,0
1629,24,64,0
1630,0,13,0
1630,36,12,0
1631,13,180,1
1631,25,312,1
1632,33,558,3
1632,3,553,3
1632,27,594,3
1633,11,839,5
1634,18,65,0
1634,12,98,0
1635,20,351,2
1636,12,98,0
1636,18,65,0
1636,36,12,0
1637,37,280,1
1637,7,196,1
1638,28,677,4
1639,19,244,1
1639,31,276,1
1640,32,399,2
1640,8,449,2
1641,13,180,1
1642,11,839,5
1642,29,871,5
1642,5,963,5
1643,2,439,2
1643,32,399,2
1644,30,128,0
1644,0,13,0
1645,10,730,4
1645,16,731,4
1646,12,98,0
1646,36,12,0
1647,24,64,0
1647,36,12,0
1648,9,525,3
1649,32,399,2
1649,2,439,2
1650,20,351,2
1650,8,449,2
1650,32,399,2
1651,24,64,0
1652,35,924,5
1652,29,871,5
1652,17,958,5
1653,27,594,3
1653,21,615,3
1653,33,558,3
1654,8,449,2
1654,38,407,2
1655,36,12,0
1655,6,116,0
1655,12,98,0
1656,6,116,0
1656,18,65,0
1656,36,12,0
1657,37,280,1
1657,7,196,1
1658,12,98,0
1659,0,13,0
1659,24,64,0
1660,2,439,2
1660,8,449,2
1660,14,408,2
1661,1,270,1
1661,13,180,1
1662,36,12,0
1662,6,116,0
1662,24,64,0
1663,30,128,0
1663,6,116,0
1664,12,98,0
1665,8,449,2
1665,38,407,2
1666,0,13,0
1666,12,98,0
1667,14,408,2
1667,26,457,2
1668,30,128,0
1668,0,13,0
1668,18,65,0
1669,8,449,2
1669,20,351,2
1670,39,621,3
1670,3,553,3
1671,25,312,1
1671,37,280,1
1672,14,408,2
1672,38,407,2
1672,8,449,2
1673,24,64,0
1673,6,116,0
1673,18,65,0
1674,31,276,1
1674,13,180,1
1674,25,312,1
1675,28,677,4
1675,22,698,4
1676,26,457,2
1677,13,180,1
1677,31,276,1
1677,37,280,1
1678,0,13,0
1679,4,745,4
1680,25,312,1
1681,36,12,0
1681,30,128,0
1682,4,745,4
1682,10,730,4
1682,22,698,4
1683,36,12,0
1683,12,98,0
1684,11,839,5
1684,29,871,5
1685,36,12,0
1685,30,128,0
1686,31,276,1
1686,19,244,1
1687,9,525,3
1687,3,553,3
1688,1,270,1
1688,19,244,1
1688,31,276,1
1689,36,12,0
1689,12,98,0
1689,6,116,0
1690,13,180,1
1690,19,244,1
1690,1,270,1
1691,13,180,1
1691,7,196,1
1692,37,280,1
1692,13,180,1
1692,19,244,1
1693,37,280,1
1693,1,270,1
1694,26,457,2
1694,2,439,2
1694,14,408,2
1695,24,64,0
1695,12,98,0
1695,0,13,0
1696,31,276,1
1696,25,312,1
1696,13,180,1
1697,39,621,3
1697,15,637,3
1697,9,525,3
1698,25,312,1
1699,26,457,2
1699,38,407,2
1700,7,196,1
1700,25,312,1
1700,1,270,1
1701,21,615,3
1702,6,116,0
1702,18,65,0
1702,36,12,0
1703,18,65,0
1703,30,128,0
1704,5,963,5
1705,22,698,4
1706,3,553,3
1706,15,637,3
1706,21,615,3
1707,18,65,0
1708,1,270,1
1708,13,180,1
1708,19,244,1
1709,18,65,0
1709,36,12,0
1709,24,64,0
1710,12,98,0
1710,6,116,0
1711,28,677,4
1711,4,745,4
1711,16,731,4
1712,30,128,0
1712,24,64,0
1713,7,196,1
1713,31,276,1
1714,30,128,0
1715,16,731,4
1715,10,730,4
1715,34,747,4
1716,2,439,2
1717,1,270,1
1717,7,196,1
1718,6,116,0
1718,18,65,0
1719,13,180,1
1720,23,954,5
1720,29,871,5
1721,19,244,1
1721,13,180,1
1722,30,128,0
1723,6,116,0
1723,18,65,0
1723,30,128,0
1724,27,594,3
1724,3,553,3
1724,9,525,3
1725,0,13,0
1725,36,12,0
1726,37,280,1
1726,19,244,1
1727,24,64,0
1728,36,12,0
1729,36,12,0
1729,30,128,0
1729,12,98,0
1730,25,312,1
1731,24,64,0
1732,34,747,4
1733,13,180,1
1734,21,615,3
1735,30,128,0
1735,6,116,0
1735,0,13,0
1736,36,12,0
1736,0,13,0
1737,4,745,4
1738,6,116,0
1738,30,128,0
1738,12,98,0
1739,16,731,4
1740,13,180,1
1741,0,13,0
1741,6,116,0
1742,36,12,0
1742,18,65,0
1743,30,128,0
1743,12,98,0
1744,0,13,0
1745,6,116,0
1746,39,621,3
1747,12,98,0
1748,32,399,2
1748,20,351,2
1749,18,65,0
1749,36,12,0
1749,12,98,0
1750,12,98,0
1751,24,64,0
1751,30,128,0
1751,12,98,0
1752,0,13,0
1752,24,64,0
1753,13,180,1
1753,1,270,1
1754,27,594,3
1754,39,621,3
1755,31,276,1
1755,13,180,1
1756,24,64,0
1756,18,65,0
1756,6,116,0
1757,28,677,4
1757,10,730,4
1757,4,745,4
1758,34,747,4
1759,31,276,1
1759,25,312,1
1760,27,594,3
1760,15,637,3
1760,39,621,3
1761,19,244,1
1761,7,196,1
1761,25,312,1
1762,11,839,5
1763,17,958,5
1764,0,13,0
1764,30,128,0
1764,6,116,0
1765,30,128,0
1765,18,65,0
1766,31,276,1
1766,13,180,1
1767,39,621,3
1767,15,637,3
1767,9,525,3
1768,18,65,0
1768,24,64,0
1768,0,13,0
1769,8,449,2
1769,14,408,2
1770,38,407,2
1771,6,116,0
1771,0,13,0
1771,30,128,0
1772,30,128,0
1772,6,116,0
1772,24,64,0
1773,0,13,0
1773,36,12,0
1774,6,116,0
1774,12,98,0
1774,0,13,0
1775,16,731,4
1775,4,745,4
1776,6,116,0
1776,18,65,0
1776,36,12,0
1777,24,64,0
1777,6,116,0
1778,12,98,0
1778,0,13,0
1779,27,594,3
1780,32,399,2
1781,6,116,0
1781,0,13,0
1781,24,64,0
1782,7,196,1
1782,13,180,1
1782,1,270,1
1783,27,594,3
1784,30,128,0
1784,12,98,0
1785,20,351,2
1785,32,399,2
1786,10,730,4
1786,16,731,4
1787,30,128,0
1788,2,439,2
1789,24,64,0
1789,36,12,0
1789,12,98,0
1790,25,312,1
1790,1,270,1
1791,0,13,0
1791,18,65,0
1792,18,65,0
1792,0,13,0
1793,8,449,2
1794,8,449,2
1795,9,525,3
1796,32,399,2
1796,8,449,2
1796,20,351,2
1797,9,525,3
1797,3,553,3
1798,37,280,1
1799,13,180,1
1799,31,276,1
1800,19,244,1
1801,13,180,1
1802,0,13,0
1802,24,64,0
1803,8,449,2
1804,0,13,0
1804,18,65,0
1804,30,128,0
1805,6,116,0
1806,36,12,0
1806,24,64,0
1807,9,525,3
1807,21,615,3
1807,39,621,3
1808,1,270,1
1808,37,280,1
1809,12,98,0
1810,24,64,0
1810,30,128,0
1810,12,98,0
1811,23,954,5
1812,29,871,5
1813,22,698,4
1814,18,65,0
1815,14,408,2
1816,2,439,2
1817,9,525,3
1817,3,553,3
1818,0,13,0
1819,33,558,3
1820,38,407,2
1821,30,128,0
1822,18,65,0
1822,36,12,0
1822,12,98,0
1823,37,280,1
1823,25,312,1
1824,10,730,4
1824,16,731,4
1825,2,439,2
1825,8,449,2
1826,38,407,2
1826,2,439,2
1827,2,439,2
1828,33,558,3
1829,12,98,0
1829,0,13,0
1829,24,64,0
1830,36,12,0
1830,30,128,0
1831,2,439,2
1832,18,65,0
1833,37,280,1
1833,31,276,1
1834,36,12,0
1834,12,98,0
1835,34,747,4
1836,4,745,4
1836,16,731,4
1836,22,698,4
1837,30,128,0
1837,18,65,0
1837,6,116,0
1838,10,730,4
1838,34,747,4
1839,0,13,0
1840,36,12,0
1840,0,13,0
1840,18,65,0
1841,20,351,2
1841,32,399,2
1842,12,98,0
1842,36,12,0
1843,1,270,1
1843,25,312,1
1844,1,270,1
1844,13,180,1
1844,7,196,1
1845,18,65,0
1845,6,116,0
1846,37,280,1
1846,13,180,1
1847,1,270,1
1847,25,312,1
1848,34,747,4
1848,4,745,4
1848,10,730,4
1849,9,525,3
1849,15,637,3
1849,33,558,3
1850,30,128,0
1850,12,98,0
1851,24,64,0
1852,0,13,0
1852,36,12,0
1852,30,128,0
1853,19,244,1
1853,1,270,1
1854,36,12,0
1855,2,439,2
1855,20,351,2
1855,38,407,2
1856,12,98,0
1857,24,64,0
1858,10,730,4
1858,34,747,4
1858,16,731,4
1859,36,12,0
1860,6,116,0
1860,0,13,0
1861,23,954,5
1861,5,963,5
1861,35,924,5
1862,0,13,0
1862,30,128,0
1863,30,128,0
1863,12,98,0
1863,36,12,0
1864,36,12,0
1865,32,399,2
1866,21,615,3
1866,27,594,3
1867,18,65,0
1867,30,128,0
1867,24,64,0
1868,13,180,1
1869,19,244,1
1869,37,280,1
1869,13,180,1
1870,1,270,1
1870,37,280,1
1871,14,408,2
1871,2,439,2
1871,26,457,2
1872,1,270,1
1872,31,276,1
1872,13,180,1
1873,16,731,4
1873,34,747,4
1874,36,12,0
1874,18,65,0
1875,2,439,2
1875,20,351,2
1876,12,98,0
1876,18,65,0
1876,24,64,0
1877,31,276,1
1878,19,244,1
1878,37,280,1
1878,1,270,1
1879,26,457,2
1880,18,65,0
1880,30,128,0
1880,12,98,0
1881,36,12,0
1881,6,116,0
1882,0,13,0
1882,12,98,0
1882,36,12,0
1883,8,449,2
1883,2,439,2
1884,18,65,0
1885,30,128,0
1886,15,637,3
1887,26,457,2
1887,8,449,2
1887,38,407,2
1888,7,196,1
1889,16,731,4
1890,13,180,1
1891,6,116,0
1891,24,64,0
1891,36,12,0
1892,12,98,0
1892,18,65,0
1892,24,64,0
1893,1,270,1
1894,18,65,0
1894,6,116,0
1894,30,128,0
1895,26,457,2
1895,38,407,2
1895,32,399,2
1896,18,65,0
1896,6,116,0
1897,4,745,4
1897,34,747,4
1898,15,637,3
1898,33,558,3
1899,24,64,0
1899,0,13,0
1899,36,12,0
1900,0,13,0
1900,18,65,0
1900,6,116,0
1901,22,698,4
1902,18,65,0
1903,28,677,4
1904,0,13,0
1905,22,698,4
1905,4,745,4
1905,16,731,4
1906,0,13,0
1906,36,12,0
1906,30,128,0
1907,13,180,1
1907,25,312,1
1907,31,276,1
1908,26,457,2
1908,38,407,2
1909,5,963,5
1909,17,958,5
1909,23,954,5
1910,39,621,3
1911,24,64,0
1911,30,128,0
1911,0,13,0
1912,24,64,0
1912,30,128,0
1912,36,12,0
1913,14,408,2
1913,38,407,2
1913,8,449,2
1914,30,128,0
1914,0,13,0
1915,4,745,4
1915,16,731,4
1915,34,747,4
1916,38,407,2
1917,30,128,0
1918,20,351,2
1918,38,407,2
1918,8,449,2
1919,6,116,0
1920,29,871,5
1920,5,963,5
1921,36,12,0
1921,30,128,0
1921,6,116,0
1922,24,64,0
1923,30,128,0
1923,6,116,0
1923,12,98,0
1924,36,12,0
1925,38,407,2
1925,32,399,2
1926,25,312,1
1926,7,196,1
1926,31,276,1
1927,2,439,2
1927,26,457,2
1927,38,407,2
1928,7,196,1
1929,18,65,0
1929,36,12,0
1929,24,64,0
1930,30,128,0
1930,36,12,0
1931,37,280,1
1932,30,128,0
1933,28,677,4
1933,22,698,4
1933,34,747,4
1934,27,594,3
1935,0,13,0
1936,27,594,3
1937,31,276,1
1937,19,244,1
1938,12,98,0
1938,24,64,0
1938,36,12,0
1939,19,244,1
1939,13,180,1
1940,26,457,2
1940,2,439,2
1940,14,408,2
1941,1,270,1
1941,25,312,1
1941,19,244,1
1942,7,196,1
1942,25,312,1
1943,36,12,0
1943,12,98,0
1944,32,399,2
1945,8,449,2
1946,0,13,0
1946,18,65,0
1947,18,65,0
1947,36,12,0
1948,8,449,2
1948,14,408,2
1948,26,457,2
1949,1,270,1
1950,28,677,4
1950,34,747,4
1950,16,731,4
1951,6,116,0
1951,36,12,0
1951,18,65,0
1952,37,280,1
1953,5,963,5
1953,23,954,5
1953,35,924,5
1954,5,963,5
1954,23,954,5
1954,35,924,5
1955,24,64,0
1955,30,128,0
1956,37,280,1
1956,19,244,1
1957,1,270,1
1957,13,180,1
1958,20,351,2
1958,14,408,2
1958,32,399,2
1959,2,439,2
1960,36,12,0
1960,18,65,0
1961,36,12,0
1961,0,13,0
1962,37,280,1
1962,19,244,1
1963,32,399,2
1963,14,408,2
1963,8,449,2
1964,21,615,3
1964,27,594,3
1964,15,637,3
1965,0,13,0
1965,30,128,0
1966,36,12,0
1967,19,244,1
1968,3,553,3
1968,27,594,3
1969,30,128,0
1970,31,276,1
1970,1,270,1
1970,7,196,1
1971,36,12,0
1971,24,64,0
1971,18,65,0
1972,26,457,2
1973,36,12,0
1973,0,13,0
1973,24,64,0
1974,25,312,1
1974,7,196,1
1975,25,312,1
1975,37,280,1
1976,10,730,4
1977,31,276,1
1977,1,270,1
1977,37,280,1
1978,7,196,1
1978,19,244,1
1979,9,525,3
1979,33,558,3
1980,35,924,5
1980,11,839,5
1981,6,116,0
1982,7,196,1
1983,18,65,0
1983,36,12,0
1984,32,399,2
1984,20,351,2
1985,15,637,3
1985,9,525,3
1985,3,553,3
1986,14,408,2
1986,32,399,2
1987,18,65,0
1988,37,280,1
1988,19,244,1
1988,1,270,1
1989,1,270,1
1990,14,408,2
1991,6,116,0
1992,13,180,1
1993,8,449,2
1994,15,637,3
1995,14,408,2
1995,26,457,2
1996,36,12,0
1996,30,128,0
1996,12,98,0
1997,12,98,0
1997,18,65,0
1997,36,12,0
1998,20,351,2
1998,2,439,2
1998,14,408,2
1999,36,12,0
1999,24,64,0
2000,12,98,0
2000,18,65,0
2001,1,270,1
2001,19,244,1
2002,29,871,5
2002,35,924,5
2003,36,12,0
2003,30,128,0
2003,12,98,0
2004,3,553,3
2004,15,637,3
2005,19,244,1
2005,1,270,1
2006,19,244,1
2006,37,280,1
2007,39,621,3
2008,3,553,3
2008,33,558,3
2008,21,615,3
2009,0,13,0
2009,6,116,0
2009,30,128,0
2010,26,457,2
2010,38,407,2
2010,14,408,2
2011,30,128,0
2011,0,13,0
2012,4,745,4
2012,34,747,4
2012,22,698,4
2013,0,13,0
2013,12,98,0
2014,0,13,0
2015,29,871,5
2015,17,958,5
2016,12,98,0
2016,6,116,0
2016,24,64,0
2017,18,65,0
2017,24,64,0
2017,36,12,0
2018,18,65,0
2018,0,13,0
2018,6,116,0
2019,19,244,1
2019,1,270,1
2019,13,180,1
2020,0,13,0
2021,36,12,0
2021,18,65,0
2021,0,13,0
2022,28,677,4
2022,34,747,4
2022,16,731,4
2023,30,128,0
2023,36,12,0
2023,6,116,0
2024,12,98,0
2025,0,13,0
2025,30,128,0
2026,6,116,0
2027,21,615,3
2028,38,407,2
2028,14,408,2
2029,10,730,4
2030,24,64,0
2031,30,128,0
2031,0,13,0
2031,24,64,0
2032,0,13,0
2032,6,116,0
2032,30,128,0
2033,24,64,0
2034,37,280,1
2035,0,13,0
2035,36,12,0
2036,2,439,2
2036,20,351,2
2037,30,128,0
2037,6,116,0
2038,7,196,1
2038,37,280,1
2038,25,312,1
2039,0,13,0
2039,18,65,0
2039,30,128,0
2040,36,12,0
2041,31,276,1
2042,36,12,0
2042,0,13,0
2042,18,65,0
2043,12,98,0
2043,0,13,0
2044,12,98,0
2044,0,13,0
2044,6,116,0
2045,0,13,0
2045,36,12,0
2045,12,98,0
2046,32,399,2
2047,12,98,0
2048,36,12,0
2049,30,128,0
2049,0,13,0
2049,18,65,0
2050,24,64,0
2050,12,98,0
2050,0,13,0
2051,32,399,2
2051,26,457,2
2052,28,677,4
2052,22,698,4
2052,16,731,4
2053,30,128,0
2053,12,98,0
2053,6,116,0
2054,7,196,1
2054,1,270,1
2055,28,677,4
2056,19,244,1
2056,31,276,1
2056,7,196,1
2057,32,399,2
2057,20,351,2
2058,24,64,0
2059,23,954,5
2059,17,958,5
2060,13,180,1
2060,37,280,1
2060,7,196,1
2061,30,128,0
2061,18,65,0
2061,6,116,0
2062,25,312,1
2062,37,280,1
2063,30,128,0
2064,8,449,2
2065,2,439,2
2065,32,399,2
2065,20,351,2
2066,30,128,0
2066,12,98,0
2067,37,280,1
2067,25,312,1
2068,19,244,1
2068,25,312,1
2068,1,270,1
2069,13,180,1
2069,7,196,1
2070,2,439,2
2070,14,408,2
2071,30,128,0
2072,12,98,0
2072,24,64,0
2073,7,196,1
2073,37,280,1
2073,31,276,1
2074,20,351,2
2074,8,449,2
2075,31,276,1
2075,19,244,1
2075,7,196,1
2076,31,276,1
2076,1,270,1
2077,18,65,0
2078,37,280,1
2078,31,276,1
2079,15,637,3
2079,39,621,3
2079,9,525,3
2080,19,244,1
2080,31,276,1
2080,1,270,1
2081,8,449,2
2082,30,128,0
2083,0,13,0
2083,6,116,0
2084,11,839,5
2084,23,954,5
2085,9,525,3
2086,13,180,1
2087,28,677,4
2087,34,747,4
2088,6,116,0
2088,24,64,0
2088,12,98,0
2089,0,13,0
2089,18,65,0
2090,7,196,1
2090,31,276,1
2091,9,525,3
2091,3,553,3
2092,7,196,1
2093,1,270,1
2093,37,280,1
2093,31,276,1
2094,18,65,0
2094,6,116,0
2095,36,12,0
2095,24,64,0
2096,0,13,0
2096,36,12,0
2097,7,196,1
2097,37,280,1
2097,13,180,1
2098,22,698,4
2098,34,747,4
2099,4,745,4
2099,28,677,4
2099,22,698,4
2100,21,615,3
2100,9,525,3
2100,27,594,3
2101,18,65,0
2101,12,98,0
2101,30,128,0
2102,2,439,2
2102,26,457,2
2102,32,399,2
2103,24,64,0
2104,30,128,0
2105,35,924,5
2105,29,871,5
2105,5,963,5
2106,37,280,1
2106,25,312,1
2107,7,196,1
2107,31,276,1
2107,13,180,1
2108,12,98,0
2108,18,65,0
2109,9,525,3
2109,39,621,3
2109,15,637,3
2110,37,280,1
2111,13,180,1
2111,31,276,1
2112,12,98,0
2113,0,13,0
2113,24,64,0
2114,34,747,4
2114,22,698,4
2114,4,745,4
2115,18,65,0
2115,36,12,0
2115,30,128,0
2116,19,244,1
2116,37,280,1
2116,31,276,1
2117,33,558,3
2117,15,637,3
2118,7,196,1
2118,13,180,1
2119,37,280,1
2119,19,244,1
2119,13,180,1
2120,1,270,1
2120,37,280,1
2121,6,116,0
2121,12,98,0
2122,25,312,1
2123,4,745,4
2124,29,871,5
2125,12,98,0
2125,6,116,0
2126,10,730,4
2127,25,312,1
2127,1,270,1
2128,38,407,2
2128,26,457,2
2129,4,745,4
2129,10,730,4
2130,17,958,5
2130,11,839,5
2131,8,449,2
2131,2,439,2
2131,32,399,2
2132,21,615,3
2132,27,594,3
2133,37,280,1
2133,25,312,1
2134,0,13,0
2135,7,196,1
2136,2,439,2
2136,32,399,2
2137,8,449,2
2138,18,65,0
2138,24,64,0
2139,35,924,5
2139,17,958,5
2140,7,196,1
2141,4,745,4
2141,22,698,4
2142,13,180,1
2142,31,276,1
2142,19,244,1
2143,0,13,0
2144,18,65,0
2145,18,65,0
2145,36,12,0
2145,12,98,0
2146,22,698,4
2146,16,731,4
2147,37,280,1
2147,31,276,1
2147,7,196,1
2148,25,312,1
2148,19,244,1
2148,31,276,1
2149,6,116,0
2150,14,408,2
2150,2,439,2
2151,15,637,3
2152,6,116,0
2152,30,128,0
2152,12,98,0
2153,14,408,2
2153,2,439,2
2153,32,399,2
2154,32,399,2
2154,2,439,2
2154,8,449,2
2155,18,65,0
2156,10,730,4
2156,34,747,4
2157,17,958,5
2157,29,871,5
2157,23,954,5
2158,29,871,5
2158,5,963,5
2158,17,958,5
2159,15,637,3
2160,12,98,0
2160,24,64,0
2161,37,280,1
2161,31,276,1
2161,25,312,1
2162,22,698,4
2162,10,730,4
2162,4,745,4
2163,11,839,5
2163,23,954,5
2164,3,553,3
2164,15,637,3
2165,6,116,0
2165,12,98,0
2166,24,64,0
2167,10,730,4
2168,31,276,1
2168,37,280,1
2169,24,64,0
2169,6,116,0
2169,0,13,0
2170,1,270,1
2170,19,244,1
2170,7,196,1
2171,9,525,3
2172,25,312,1
2172,37,280,1
2173,6,116,0
2173,0,13,0
2174,37,280,1
2174,1,270,1
2175,36,12,0
2176,0,13,0
2177,1,270,1
2178,30,128,0
2178,12,98,0
2179,18,65,0
2179,12,98,0
2180,12,98,0
2180,0,13,0
2180,18,65,0
2181,10,730,4
2182,10,730,4
2182,22,698,4
2182,16,731,4
2183,18,65,0
2184,38,407,2
2184,8,449,2
2184,32,399,2
2185,27,594,3
2185,9,525,3
2185,3,553,3
2186,34,747,4
2186,4,745,4
2186,16,731,4
2187,1,270,1
2187,13,180,1
2188,17,958,5
2188,35,924,5
2189,13,180,1
2189,19,244,1
2189,25,312,1
2190,20,351,2
2191,26,457,2
2192,25,312,1
2193,37,280,1
2193,13,180,1
2193,19,244,1
2194,33,558,3
2194,39,621,3
2194,21,615,3
2195,1,270,1
2195,19,244,1
2195,7,196,1
2196,22,698,4
2197,36,12,0
2197,12,98,0
2197,18,65,0
2198,23,954,5
2198,11,839,5
2198,35,924,5
2199,12,98,0
2200,6,116,0
2200,0,13,0
2200,30,128,0
2201,2,439,2
2202,10,730,4
2203,0,13,0
2204,8,449,2
2204,14,408,2
2205,36,12,0
2206,12,98,0
2207,4,745,4
2207,10,730,4
2207,28,677,4
2208,0,13,0
2209,1,270,1
2209,7,196,1
2210,14,408,2
2210,20,351,2
2211,38,407,2
2211,26,457,2
2212,16,731,4
2212,10,730,4
2213,0,13,0
2213,36,12,0
2214,15,637,3
2215,18,65,0
2215,24,64,0
2215,6,116,0
2216,2,439,2
2217,0,13,0
2218,10,730,4
2219,32,399,2
2219,26,457,2
2220,19,244,1
2221,24,64,0
2222,11,839,5
2222,23,954,5
2223,24,64,0
2223,6,116,0
2223,0,13,0
2224,24,64,0
2224,18,65,0
2224,30,128,0
2225,0,13,0
2225,12,98,0
2225,24,64,0
2226,13,180,1
2226,25,312,1
2227,12,98,0
2227,36,12,0
2228,18,65,0
2229,38,407,2
2230,31,276,1
2231,12,98,0
2232,35,924,5
2232,23,954,5
2232,11,839,5
2233,1,270,1
2233,7,196,1
2233,37,280,1
2234,7,196,1
2235,0,13,0
2235,18,65,0
2236,7,196,1
2236,25,312,1
2236,31,276,1
2237,36,12,0
2237,12,98,0
2238,18,65,0
2238,24,64,0
2239,6,116,0
2240,22,698,4
2240,4,745,4
2240,10,730,4
2241,27,594,3
2241,15,637,3
2242,32,399,2
2242,14,408,2
2243,0,13,0
2243,12,98,0
2244,13,180,1
2245,6,116,0
2246,27,594,3
2247,21,615,3
2247,33,558,3
2248,3,553,3
2248,27,594,3
2249,30,128,0
2249,12,98,0
2249,6,116,0
2250,13,180,1
2251,36,12,0
2251,0,13,0
2251,30,128,0
2252,19,244,1
2253,25,312,1
2254,6,116,0
2254,0,13,0
2255,34,747,4
2255,16,731,4
2256,39,621,3
2257,1,270,1
2257,31,276,1
2257,7,196,1
2258,16,731,4
2258,22,698,4
2258,10,730,4
2259,15,637,3
2259,21,615,3
2260,12,98,0
2261,37,280,1
2261,31,276,1
2261,13,180,1
2262,0,13,0
2262,18,65,0
2262,6,116,0
2263,14,408,2
2264,12,98,0
2264,18,65,0
2265,20,351,2
2266,25,312,1
2266,37,280,1
2267,33,558,3
2267,15,637,3
2268,20,351,2
2268,8,449,2
2269,37,280,1
2269,25,312,1
2270,37,280,1
2270,13,180,1
2270,1,270,1
2271,37,280,1
2271,1,270,1
2271,7,196,1
2272,37,280,1
2273,7,196,1
2273,19,244,1
2273,25,312,1
2274,0,13,0
2275,7,196,1
2275,31,276,1
2276,0,13,0
2277,23,954,5
2277,35,924,5
2278,1,270,1
2278,31,276,1
2279,1,270,1
2279,19,244,1
2279,37,280,1
2280,20,351,2
2280,26,457,2
2280,14,408,2
2281,17,958,5
2282,0,13,0
2283,32,399,2
2283,38,407,2
2284,32,399,2
2284,2,439,2
2285,24,64,0
2286,0,13,0
2286,6,116,0
2287,30,128,0
2287,12,98,0
2288,18,65,0
2288,24,64,0
2289,12,98,0
2290,12,98,0
2291,0,13,0
2292,12,98,0
2292,0,13,0
2292,24,64,0
2293,13,180,1
2294,1,270,1
2294,13,180,1
2294,25,312,1
2295,14,408,2
2295,20,351,2
2296,6,116,0
2297,1,270,1
2297,31,276,1
2297,13,180,1
2298,24,64,0
2298,0,13,0
2298,30,128,0
2299,33,558,3
2299,27,594,3
2299,39,621,3
2300,24,64,0
2300,12,98,0
2300,18,65,0
2301,24,64,0
2301,6,116,0
2301,0,13,0
2302,24,64,0
2302,18,65,0
2302,0,13,0
2303,11,839,5
2303,29,871,5
2304,8,449,2
2304,20,351,2
2304,2,439,2
2305,38,407,2
2305,26,457,2
2305,32,399,2
2306,26,457,2
2307,26,457,2
2307,2,439,2
2308,4,745,4
2308,22,698,4
2308,10,730,4
2309,25,312,1
2309,7,196,1
2310,37,280,1
2310,19,244,1
2311,6,116,0
2311,18,65,0
2312,36,12,0
2313,24,64,0
2313,36,12,0
2314,26,457,2
2314,2,439,2
2314,20,351,2
2315,37,280,1
2315,1,270,1
2316,38,407,2
2316,20,351,2
2316,14,408,2
2317,18,65,0
2317,30,128,0
2317,36,12,0
2318,26,457,2
2318,32,399,2
2318,38,407,2
2319,12,98,0
2319,30,128,0
2319,18,65,0
2320,36,12,0
2320,0,13,0
2320,12,98,0
2321,6,116,0
2321,30,128,0
2322,18,65,0
2322,30,128,0
2322,0,13,0
2323,18,65,0
2323,30,128,0
2324,9,525,3
2324,27,594,3
2324,39,621,3
2325,25,312,1
2325,1,270,1
2325,31,276,1
2326,27,594,3
2327,35,924,5
2328,36,12,0
2328,24,64,0
2329,26,457,2
2330,0,13,0
2331,0,13,0
2331,30,128,0
2331,6,116,0
2332,19,244,1
2332,1,270,1
2332,31,276,1
2333,24,64,0
2333,30,128,0
2333,18,65,0
2334,16,731,4
2334,10,730,4
2335,28,677,4
2335,34,747,4
2335,10,730,4
2336,36,12,0
2336,18,65,0
2337,5,963,5
2337,17,958,5
2338,12,98,0
2338,24,64,0
2338,18,65,0
2339,18,65,0
2340,35,924,5
2340,29,871,5
2341,1,270,1
2341,7,196,1
2342,7,196,1
2343,1,270,1
2343,25,312,1
2343,31,276,1
2344,18,65,0
2344,0,13,0
2345,2,439,2
2346,38,407,2
2347,22,698,4
2348,18,65,0
2348,0,13,0
2349,5,963,5
2349,17,958,5
2349,23,954,5
2350,7,196,1
2350,37,280,1
2351,36,12,0
2351,12,98,0
2352,12,98,0
2353,28,677,4
2353,22,698,4
2353,4,745,4
2354,30,128,0
2354,6,116,0
2354,0,13,0
2355,30,128,0
2356,14,408,2
2356,32,399,2
2357,26,457,2
2358,6,116,0
2358,12,98,0
2359,33,558,3
2359,15,637,3
2360,5,963,5
2360,11,839,5
2361,33,558,3
2362,9,525,3
2362,33,558,3
2362,27,594,3
2363,8,449,2
2364,6,116,0
2364,12,98,0
2364,18,65,0
2365,27,594,3
2365,39,621,3
2366,6,116,0
2366,12,98,0
2367,30,128,0
2367,0,13,0
2367,12,98,0
2368,7,196,1
2368,1,270,1
2368,25,312,1
2369,38,407,2
2369,14,408,2
2369,2,439,2
2370,17,958,5
2370,29,871,5
2371,37,280,1
2371,25,312,1
2371,19,244,1
2372,32,399,2
2372,8,449,2
2372,26,457,2
2373,36,12,0
2374,10,730,4
2375,11,839,5
2375,29,871,5
2375,17,958,5
2376,30,128,0
2376,12,98,0
2376,24,64,0
2377,13,180,1
2378,20,351,2
2378,2,439,2
2379,2,439,2
2379,14,408,2
2379,20,351,2
2380,3,553,3
2380,33,558,3
2381,14,408,2
2382,27,594,3
2382,15,637,3
2383,31,276,1
2384,35,924,5
2384,29,871,5
2384,17,958,5
2385,16,731,4
2385,10,730,4
2385,22,698,4
2386,13,180,1
2386,7,196,1
2387,39,621,3
2388,37,280,1
2388,25,312,1
2389,1,270,1
2389,7,196,1
2390,31,276,1
2391,38,407,2
2391,8,449,2
2391,2,439,2
2392,11,839,5
2392,23,954,5
2392,17,958,5
2393,13,180,1
2393,25,312,1
2394,12,98,0
2395,12,98,0
2395,6,116,0
2396,38,407,2
2396,20,351,2
2397,19,244,1
2398,39,621,3
2399,30,128,0
2399,6,116,0
2400,14,408,2
2401,0,13,0
2401,18,65,0
2401,36,12,0
2402,0,13,0
2402,18,65,0
2403,18,65,0
2403,24,64,0
2404,21,615,3
2404,27,594,3
2404,33,558,3
2405,30,128,0
2405,18,65,0
2405,36,12,0
2406,6,116,0
2407,18,65,0
2408,24,64,0
2408,18,65,0
2409,12,98,0
2410,30,128,0
2410,12,98,0
2410,24,64,0
2411,12,98,0
2411,30,128,0
2412,21,615,3
2412,9,525,3
2412,27,594,3
2413,15,637,3
2413,39,621,3
2413,3,553,3
2414,21,615,3
2415,35,924,5
2416,18,65,0
2416,24,64,0
2416,30,128,0
2417,31,276,1
2418,19,244,1
2418,1,270,1
2418,13,180,1
2419,16,731,4
2419,10,730,4
2419,4,745,4
2420,15,637,3
2420,9,525,3
2420,3,553,3
2421,6,116,0
2421,24,64,0
2421,30,128,0
2422,36,12,0
2423,34,747,4
2423,4,745,4
2424,32,399,2
2425,18,65,0
2425,36,12,0
2426,32,399,2
2427,36,12,0
2427,24,64,0
2427,0,13,0
2428,34,747,4
2428,22,698,4
2429,7,196,1
2429,13,180,1
2429,1,270,1
2430,3,553,3
2430,27,594,3
2430,21,615,3
2431,2,439,2
2432,10,730,4
2432,22,698,4
2433,38,407,2
2434,31,276,1
2434,19,244,1
2435,24,64,0
2435,0,13,0
2435,18,65,0
2436,0,13,0
2436,6,116,0
2437,14,408,2
2438,0,13,0
2438,36,12,0
2438,24,64,0
2439,0,13,0
2440,12,98,0
2440,36,12,0
2441,14,408,2
2441,8,449,2
2442,7,196,1
2443,7,196,1
2443,1,270,1
2444,24,64,0
2445,6,116,0
2445,24,64,0
2445,36,12,0
2446,18,65,0
2446,24,64,0
2446,0,13,0
2447,4,745,4
2448,0,13,0
2448,12,98,0
2448,36,12,0
2449,0,13,0
2450,0,13,0
2450,24,64,0
2451,19,244,1
2452,6,116,0
2452,0,13,0
2452,18,65,0
2453,14,408,2
2453,32,399,2
2454,16,731,4
2454,28,677,4
2455,0,13,0
2455,36,12,0
2455,30,128,0
2456,10,730,4
2456,4,745,4
2457,31,276,1
2458,37,280,1
2458,1,270,1
2459,35,924,5
2459,17,958,5
2460,12,98,0
2460,24,64,0
2461,0,13,0
2461,6,116,0
2462,37,280,1
2462,1,270,1
2462,13,180,1
2463,0,13,0
2464,30,128,0
2465,34,747,4
2465,22,698,4
2465,16,731,4
2466,29,871,5
2467,37,280,1
2467,7,196,1
2468,19,244,1
2469,36,12,0
2470,13,180,1
2470,19,244,1
2470,7,196,1
2471,2,439,2
2471,26,457,2
2471,32,399,2
2472,9,525,3
2472,3,553,3
2473,1,270,1
2474,0,13,0
2474,6,116,0
2475,31,276,1
2476,6,116,0
2476,18,65,0
2476,24,64,0
2477,22,698,4
2477,16,731,4
2477,34,747,4
2478,12,98,0
2478,0,13,0
2478,18,65,0
2479,6,116,0
2480,28,677,4
2480,34,747,4
2481,2,439,2
2481,26,457,2
2481,38,407,2
2482,26,457,2
2482,14,408,2
2483,25,312,1
2483,7,196,1
2484,25,312,1
2485,23,954,5
2486,32,399,2
2486,26,457,2
2487,14,408,2
2487,8,449,2
2488,30,128,0
2488,24,64,0
2489,6,116,0
2489,0,13,0
2489,36,12,0
2490,7,196,1
2490,37,280,1
2491,12,98,0
2491,36,12,0
2491,30,128,0
2492,13,180,1
2492,7,196,1
2493,16,731,4
2493,10,730,4
2494,31,276,1
2495,30,128,0
2496,12,98,0
2496,6,116,0
2496,0,13,0
2497,29,871,5
2497,11,839,5
2498,36,12,0
2499,8,449,2
2499,20,351,2
2499,26,457,2
2500,18,65,0
2501,14,408,2
2501,8,449,2
2502,25,312,1
2502,13,180,1
2503,27,594,3
2503,3,553,3
2503,21,615,3
2504,1,270,1
2505,26,457,2
2505,32,399,2
2506,34,747,4
2506,22,698,4
2507,18,65,0
2507,12,98,0
2507,0,13,0
2508,6,116,0
2509,24,64,0
2509,36,12,0
2510,24,64,0
2510,0,13,0
2510,36,12,0
2511,0,13,0
2511,6,116,0
2511,12,98,0
2512,1,270,1
2512,25,312,1
2513,24,64,0
2513,30,128,0
2514,38,407,2
2515,13,180,1
2515,19,244,1
2515,7,196,1
2516,0,13,0
2516,36,12,0
2516,6,116,0
2517,6,116,0
2517,24,64,0
2518,10,730,4
2519,30,128,0
2519,6,116,0
2520,10,730,4
2521,18,65,0
2522,24,64,0
2522,0,13,0
2522,30,128,0
2523,28,677,4
2523,4,745,4
2524,11,839,5
2524,5,963,5
2525,36,12,0
2525,24,64,0
2525,18,65,0
2526,6,116,0
2526,0,13,0
2526,36,12,0
2527,12,98,0
2527,18,65,0
2527,36,12,0
2528,30,128,0
2528,36,12,0
2529,13,180,1
2530,28,677,4
2530,4,745,4
2530,22,698,4
2531,10,730,4
2531,22,698,4
2532,18,65,0
2532,0,13,0
2533,23,954,5
2534,31,276,1
2534,1,270,1
2535,3,553,3
2536,30,128,0
2536,12,98,0
2536,24,64,0
2537,8,449,2
2537,14,408,2
2538,9,525,3
2538,21,615,3
2539,14,408,2
2539,20,351,2
2539,26,457,2
2540,12,98,0
2540,0,13,0
2540,30,128,0
2541,35,924,5
2541,29,871,5
2542,21,615,3
2542,39,621,3
2543,34,747,4
2543,16,731,4
2544,12,98,0
2544,36,12,0
2544,24,64,0
2545,0,13,0
2546,10,730,4
2547,8,449,2
2547,20,351,2
2547,2,439,2
2548,6,116,0
2548,30,128,0
2548,24,64,0
2549,36,12,0
2549,18,65,0
2550,30,128,0
2551,21,615,3
2551,3,553,3
2551,9,525,3
2552,37,280,1
2553,8,449,2
2553,26,457,2
2553,14,408,2
2554,15,637,3
2554,39,621,3
2555,7,196,1
2555,31,276,1
2556,35,924,5
2556,17,958,5
2557,7,196,1
2558,35,924,5
2559,29,871,5
2559,23,954,5
2560,37,280,1
2560,31,276,1
2561,27,594,3
2561,15,637,3
2561,33,558,3
2562,0,13,0
2563,37,280,1
2563,13,180,1
2564,24,64,0
2565,0,13,0
2565,6,116,0
2565,24,64,0
2566,18,65,0
2567,19,244,1
2567,1,270,1
2567,13,180,1
2568,24,64,0
2568,12,98,0
2569,20,351,2
2570,9,525,3
2570,39,621,3
2570,15,637,3
2571,18,65,0
2572,39,621,3
2572,21,615,3
2572,15,637,3
2573,4,745,4
2574,30,128,0
2574,24,64,0
2574,12,98,0
2575,18,65,0
2575,12,98,0
2575,6,116,0
2576,13,180,1
2577,30,128,0
2578,0,13,0
2578,24,64,0
2579,18,65,0
2580,13,180,1
2580,31,276,1
2580,19,244,1
2581,15,637,3
2581,3,553,3
2581,21,615,3
2582,24,64,0
2582,18,65,0
2583,36,12,0
2584,39,621,3
2584,15,637,3
2584,3,553,3
2585,12,98,0
2586,25,312,1
2586,7,196,1
2586,37,280,1
2587,12,98,0
2587,18,65,0
2588,14,408,2
2589,29,871,5
2589,5,963,5
2589,17,958,5
2590,6,116,0
2590,24,64,0
2590,36,12,0
2591,24,64,0
2591,30,128,0
2592,32,399,2
2593,36,12,0
2593,18,65,0
2594,24,64,0
2594,12,98,0
2594,36,12,0
2595,25,312,1
2595,13,180,1
2595,7,196,1
2596,24,64,0
2596,30,128,0
2596,12,98,0
2597,0,13,0
2597,12,98,0
2597,24,64,0
2598,36,12,0
2598,24,64,0
2599,7,196,1
2600,38,407,2
2600,26,457,2
2601,5,963,5
2601,23,954,5
2601,35,924,5
2602,8,449,2
2602,32,399,2
2603,18,65,0
2604,26,457,2
2604,32,399,2
2605,38,407,2
2605,20,351,2
2606,24,64,0
2606,30,128,0
2607,3,553,3
2607,15,637,3
2608,36,12,0
2609,2,439,2
2609,14,408,2
2610,7,196,1
2610,13,180,1
2611,14,408,2
2611,26,457,2
2612,28,677,4
2612,10,730,4
2613,7,196,1
2613,31,276,1
2613,1,270,1
2614,6,116,0
2614,0,13,0
2615,7,196,1
2615,25,312,1
2615,37,280,1
2616,6,116,0
2616,36,12,0
2616,18,65,0
2617,33,558,3
2618,26,457,2
2618,2,439,2
2618,38,407,2
2619,8,449,2
2619,14,408,2
2619,2,439,2
2620,31,276,1
2620,19,244,1
2620,1,270,1
2621,12,98,0
2621,0,13,0
2621,18,65,0
2622,32,399,2
2623,5,963,5
2623,29,871,5
2624,12,98,0
2625,2,439,2
2626,36,12,0
2626,12,98,0
2626,6,116,0
2627,20,351,2
2628,28,677,4
2628,4,745,4
2629,12,98,0
2629,24,64,0
2629,18,65,0
2630,11,839,5
2630,29,871,5
2630,17,958,5
2631,23,954,5
2631,35,924,5
2632,18,65,0
2632,36,12,0
2633,13,180,1
2634,5,963,5
2635,31,276,1
2635,37,280,1
2636,23,954,5
2636,17,958,5
2636,5,963,5
2637,25,312,1
2637,19,244,1
2638,3,553,3
2638,33,558,3
2638,15,637,3
2639,0,13,0
2639,6,116,0
2639,12,98,0
2640,18,65,0
2641,6,116,0
2641,24,64,0
2641,0,13,0
2642,36,12,0
2642,0,13,0
2642,6,116,0
2643,24,64,0
2643,0,13,0
2643,6,116,0
2644,7,196,1
2645,17,958,5
2646,30,128,0
2646,36,12,0
2647,38,407,2
2648,30,128,0
2648,36,12,0
2649,12,98,0
2649,6,116,0
2650,35,924,5
2650,11,839,5
2650,5,963,5
2651,2,439,2
2651,8,449,2
2652,37,280,1
2652,31,276,1
2653,6,116,0
2653,18,65,0
2654,1,270,1
2654,7,196,1
2654,31,276,1
2655,33,558,3
2655,15,637,3
2656,7,196,1
2656,37,280,1
2656,1,270,1
2657,29,871,5
2657,23,954,5
2658,29,871,5
2658,35,924,5
2659,22,698,4
2660,5,963,5
2661,34,747,4
2661,4,745,4
2662,6,116,0
2662,12,98,0
2663,5,963,5
2663,17,958,5
2663,35,924,5
2664,18,65,0
2664,24,64,0
2664,0,13,0
2665,33,558,3
2665,9,525,3
2666,23,954,5
2666,5,963,5
2667,0,13,0
2668,24,64,0
2668,6,116,0
2669,24,64,0
2669,18,65,0
2670,36,12,0
2671,31,276,1
2671,7,196,1
2672,18,65,0
2672,6,116,0
2672,36,12,0
2673,1,270,1
2673,7,196,1
2673,19,244,1
2674,30,128,0
2674,18,65,0
2674,24,64,0
2675,30,128,0
2676,12,98,0
2677,33,558,3
2677,15,637,3
2677,39,621,3
2678,38,407,2
2679,37,280,1
2679,25,312,1
2680,27,594,3
2680,33,558,3
2680,39,621,3
2681,25,312,1
2682,36,12,0
2682,30,128,0
2682,18,65,0
2683,18,65,0
2684,15,637,3
2684,33,558,3
2685,30,128,0
2685,12,98,0
2686,17,958,5
2687,7,196,1
2687,13,180,1
2687,19,244,1
2688,1,270,1
2688,7,196,1
2688,25,312,1
2689,11,839,5
2689,29,871,5
2690,30,128,0
2690,18,65,0
2691,39,621,3
2691,27,594,3
2691,9,525,3
2692,12,98,0
2693,6,116,0
2694,5,963,5
2694,35,924,5
2695,18,65,0
2695,30,128,0
2695,12,98,0
2696,30,128,0
2696,12,98,0
2696,0,13,0
2697,32,399,2
2697,2,439,2
2698,27,594,3
2699,25,312,1
2699,7,196,1
2700,29,871,5
2701,6,116,0
2701,24,64,0
2701,36,12,0
2702,12,98,0
2702,24,64,0
2703,19,244,1
2703,31,276,1
2703,7,196,1
2704,12,98,0
2704,30,128,0
2705,13,180,1
2705,31,276,1
2705,25,312,1
2706,33,558,3
2707,12,98,0
2708,1,270,1
2709,15,637,3
2710,6,116,0
2711,6,116,0
2711,36,12,0
2711,24,64,0
2712,0,13,0
2712,6,116,0
2712,30,128,0
2713,19,244,1
2714,31,276,1
2714,7,196,1
2715,35,924,5
2716,30,128,0
2716,6,116,0
2716,12,98,0
2717,7,196,1
2718,6,116,0
2718,12,98,0
2718,24,64,0
2719,5,963,5
2719,29,871,5
2719,17,958,5
2720,26,457,2
2721,1,270,1
2722,16,731,4
2722,10,730,4
2722,22,698,4
2723,6,116,0
2723,30,128,0
2723,36,12,0
2724,12,98,0
2724,0,13,0
2725,12,98,0
2725,24,64,0
2725,30,128,0
2726,26,457,2
2726,38,407,2
2726,2,439,2
2727,22,698,4
2728,14,408,2
2728,8,449,2
2728,20,351,2
2729,36,12,0
2730,30,128,0
2730,12,98,0
2730,36,12,0
2731,24,64,0
2731,30,128,0
2731,6,116,0
2732,37,280,1
2733,8,449,2
2733,38,407,2
2733,20,351,2
2734,22,698,4
2735,25,312,1
2735,31,276,1
2735,13,180,1
2736,36,12,0
2737,0,13,0
2737,30,128,0
2738,36,12,0
2739,8,449,2
2740,30,128,0
2740,12,98,0
2741,4,745,4
2742,22,698,4
2743,2,439,2
2743,32,399,2
2743,8,449,2
2744,17,958,5
2745,17,958,5
2745,5,963,5
2746,0,13,0
2746,12,98,0
2747,0,13,0
2748,32,399,2
2748,2,439,2
2749,36,12,0
2749,24,64,0
2750,21,615,3
2751,0,13,0
2752,33,558,3
2752,39,621,3
2753,35,924,5
2753,29,871,5
2754,20,351,2
2754,8,449,2
2754,32,399,2
2755,11,839,5
2755,17,958,5
2755,29,871,5
2756,25,312,1
2756,19,244,1
2756,37,280,1
2757,25,312,1
2758,18,65,0
2759,36,12,0
2759,6,116,0
2760,16,731,4
2761,30,128,0
2761,36,12,0
2761,18,65,0
2762,30,128,0
2762,24,64,0
2763,8,449,2
2764,12,98,0
2765,14,408,2
2766,12,98,0
2766,30,128,0
2767,24,64,0
2767,12,98,0
2768,36,12,0
2769,10,730,4
2770,12,98,0
2771,18,65,0
2771,12,98,0
2772,22,698,4
2772,10,730,4
2772,16,731,4
2773,1,270,1
2773,37,280,1
2773,25,312,1
2774,18,65,0
2774,36,12,0
2774,0,13,0
2775,7,196,1
2776,26,457,2
2776,38,407,2
2776,2,439,2
2777,32,399,2
2778,12,98,0
2779,2,439,2
2779,8,449,2
2780,32,399,2
2780,20,351,2
2780,8,449,2
2781,8,449,2
2781,38,407,2
2781,2,439,2
2782,28,677,4
2782,34,747,4
2783,18,65,0
2783,24,64,0
2784,14,408,2
2784,38,407,2
2784,2,439,2
2785,18,65,0
2785,24,64,0
2785,12,98,0
2786,1,270,1
2786,31,276,1
2786,25,312,1
2787,0,13,0
2788,7,196,1
2788,19,244,1
2789,24,64,0
2790,31,276,1
2791,39,621,3
2791,15,637,3
2792,19,244,1
2793,36,12,0
2793,6,116,0
2793,18,65,0
2794,23,954,5
2795,19,244,1
2795,1,270,1
2796,13,180,1
2796,1,270,1
2797,18,65,0
2798,19,244,1
2798,31,276,1
2798,37,280,1
2799,7,196,1
2799,25,312,1
2800,33,558,3
2800,39,621,3
2800,27,594,3
2801,26,457,2
2801,32,399,2
2801,38,407,2
2802,25,312,1
2802,19,244,1
2803,30,128,0
2804,5,963,5
2804,17,958,5
2804,23,954,5
2805,30,128,0
2806,8,449,2
2806,32,399,2
2807,19,244,1
2807,25,312,1
2808,11,839,5
2808,17,958,5
2809,30,128,0
2809,18,65,0
2810,9,525,3
2810,27,594,3
2811,9,525,3
2811,33,558,3
2812,15,637,3
2812,9,525,3
2812,3,553,3
2813,4,745,4
2813,16,731,4
2813,28,677,4
2814,30,128,0
2815,35,924,5
2815,5,963,5
2816,23,954,5
2816,5,963,5
2817,35,924,5
2818,14,408,2
2818,38,407,2
2818,2,439,2
2819,32,399,2
2819,8,449,2
2820,13,180,1
2821,25,312,1
2821,37,280,1
2821,13,180,1
2822,27,594,3
2822,3,553,3
2822,15,637,3
2823,18,65,0
2823,24,64,0
2824,0,13,0
2824,24,64,0
2824,36,12,0
2825,15,637,3
2825,33,558,3
2825,39,621,3
2826,29,871,5
2826,11,839,5
2826,5,963,5
2827,36,12,0
2827,30,128,0
2828,22,698,4
2828,34,747,4
2828,16,731,4
2829,22,698,4
2830,30,128,0
2830,0,13,0
2830,36,12,0
2831,13,180,1
2831,25,312,1
2832,7,196,1
2832,37,280,1
2833,10,730,4
2834,37,280,1
2834,13,180,1
2834,7,196,1
2835,7,196,1
2835,31,276,1
2836,1,270,1
2837,14,408,2
2838,35,924,5
2838,17,958,5
2839,33,558,3
2840,20,351,2
2840,8,449,2
2840,26,457,2
2841,36,12,0
2841,30,128,0
2841,0,13,0
2842,6,116,0
2842,0,13,0
2842,36,12,0
2843,6,116,0
2844,12,98,0
2845,11,839,5
2845,17,958,5
2845,23,954,5
2846,19,244,1
2846,37,280,1
2846,25,312,1
2847,32,399,2
2848,32,399,2
2849,24,64,0
2849,36,12,0
2850,12,98,0
2850,24,64,0
2850,30,128,0
2851,10,730,4
2852,13,180,1
2852,25,312,1
2853,19,244,1
2853,31,276,1
2853,7,196,1
2854,23,954,5
2854,35,924,5
2854,17,958,5
2855,7,196,1
2855,19,244,1
2855,1,270,1
2856,0,13,0
2856,18,65,0
2857,1,270,1
2858,21,615,3
2858,15,637,3
2859,13,180,1
2859,37,280,1
2860,1,270,1
2860,13,180,1
2861,1,270,1
2862,39,621,3
2862,21,615,3
2862,27,594,3
2863,25,312,1
2863,1,270,1
2863,13,180,1
2864,35,924,5
2864,23,954,5
2865,30,128,0
2866,36,12,0
2866,6,116,0
2866,0,13,0
2867,2,439,2
2867,20,351,2
2867,38,407,2
2868,31,276,1
2868,25,312,1
2869,38,407,2
2870,7,196,1
2871,26,457,2
2871,8,449,2
2871,2,439,2
2872,16,731,4
2873,22,698,4
2874,1,270,1
2874,37,280,1
2875,18,65,0
2876,0,13,0
2876,18,65,0
2876,6,116,0
2877,6,116,0
2877,30,128,0
2878,12,98,0
2879,0,13,0
2879,24,64,0
2880,25,312,1
2881,30,128,0
2881,36,12,0
2882,12,98,0
2883,6,116,0
2884,19,244,1
2885,7,196,1
2886,12,98,0
2886,24,64,0
2886,36,12,0
2887,14,408,2
2887,20,351,2
2888,37,280,1
2889,12,98,0
2890,17,958,5
2890,5,963,5
2891,32,399,2
2892,26,457,2
2892,38,407,2
2892,20,351,2
2893,25,312,1
2893,13,180,1
2894,12,98,0
2894,0,13,0
2894,30,128,0
2895,30,128,0
2896,37,280,1
2896,7,196,1
2897,30,128,0
2898,7,196,1
2899,6,116,0
2899,0,13,0
2900,18,65,0
2901,12,98,0
2901,18,65,0
2901,6,116,0
2902,24,64,0
2902,0,13,0
2903,18,65,0
2903,24,64,0
2904,33,558,3
2905,6,116,0
2905,0,13,0
2905,12,98,0
2906,13,180,1
2906,31,276,1
2906,1,270,1
2907,32,399,2
2908,31,276,1
2908,37,280,1
2909,0,13,0
2910,6,116,0
2911,31,276,1
2911,13,180,1
2912,9,525,3
2913,7,196,1
2913,1,270,1
2913,31,276,1
2914,18,65,0
2914,24,64,0
2914,6,116,0
2915,13,180,1
2915,25,312,1
2915,37,280,1
2916,33,558,3
2916,15,637,3
2916,21,615,3
2917,33,558,3
2918,36,12,0
2918,6,116,0
2918,30,128,0
2919,6,116,0
2920,1,270,1
2921,24,64,0
2922,12,98,0
2922,0,13,0
2922,30,128,0
2923,37,280,1
2923,1,270,1
2924,23,954,5
2924,17,958,5
2925,8,449,2
2926,31,276,1
2927,10,730,4
2928,1,270,1
2928,19,244,1
2929,0,13,0
2929,24,64,0
2930,26,457,2
2931,36,12,0
2931,30,128,0
2931,24,64,0
2932,24,64,0
2932,36,12,0
2933,13,180,1
2933,25,312,1
2934,12,98,0
2935,24,64,0
2935,6,116,0
2935,0,13,0
2936,21,615,3
2937,30,128,0
2938,22,698,4
2938,34,747,4
2938,28,677,4
2939,37,280,1
2940,11,839,5
2940,23,954,5
2941,33,558,3
2942,16,731,4
2943,18,65,0
2943,24,64,0
2943,30,128,0
2944,28,677,4
2945,5,963,5
2945,29,871,5
2946,36,12,0
2946,18,65,0
2947,7,196,1
2947,1,270,1
2947,13,180,1
2948,20,351,2
2948,26,457,2
2948,2,439,2
2949,0,13,0
2949,36,12,0
2950,27,594,3
2951,27,594,3
2952,39,621,3
2953,6,116,0
2954,18,65,0
2954,12,98,0
2954,30,128,0
2955,34,747,4
2956,6,116,0
2957,6,116,0
2957,36,12,0
2957,30,128,0
2958,36,12,0
2958,12,98,0
2959,12,98,0
2959,18,65,0
2960,37,280,1
2961,30,128,0
2962,36,12,0
2962,30,128,0
2962,6,116,0
2963,12,98,0
2963,6,116,0
2964,5,963,5
2964,35,924,5
2964,17,958,5
2965,0,13,0
2965,6,116,0
2965,24,64,0
2966,30,128,0
2967,8,449,2
2967,38,407,2
2967,20,351,2
2968,18,65,0
2968,6,116,0
2969,0,13,0
2969,6,116,0
2969,30,128,0
2970,15,637,3
2970,9,525,3
2970,39,621,3
2971,30,128,0
2972,13,180,1
2972,31,276,1
2972,7,196,1
2973,26,457,2
2973,14,408,2
2973,20,351,2
2974,7,196,1
2974,31,276,1
2974,37,280,1
2975,7,196,1
2975,25,312,1
2976,36,12,0
2976,18,65,0
2976,12,98,0
2977,11,839,5
2977,23,954,5
2977,17,958,5
2978,0,13,0
2979,29,871,5
2979,17,958,5
2980,36,12,0
2980,18,65,0
2980,0,13,0
2981,0,13,0
2982,30,128,0
2983,39,621,3
2983,27,594,3
2984,20,351,2
2984,14,408,2
2985,18,65,0
2986,36,12,0
2987,7,196,1
2987,31,276,1
2987,25,312,1
2988,12,98,0
2988,18,65,0
2989,24,64,0
2990,7,196,1
2990,13,180,1
2991,7,196,1
2991,31,276,1
2992,37,280,1
2992,31,276,1
2993,33,558,3
2993,3,553,3
2993,15,637,3
2994,36,12,0
2995,26,457,2
2996,13,180,1
2996,7,196,1
2996,25,312,1
2997,19,244,1
2997,31,276,1
2997,7,196,1
2998,12,98,0
2999,28,677,4
2999,4,745,4
2999,34,747,4
